Polygon_ID,Pixel_Count,Band_1,Band_2,Band_3,Band_4,Band_5,Band_6,Band_7,Band_8,Band_9,Band_10,Band_11,Band_12,Band_13,Band_14,Band_15,Band_16,Band_17,Band_18,Band_19,Band_20,Band_21,Band_22,Band_23,Band_24,Band_25,Band_26,Band_27,Band_28,Band_29,Band_30,Band_31,Band_32,Band_33,Band_34,Band_35,Band_36,Band_37,Band_38,Band_39,Band_40,Band_41,Band_42,Band_43,Band_44,Band_45,Band_46,Band_47,Band_48,Band_49,Band_50,Band_51,Band_52,Band_53,Band_54,Band_55,Band_56,Band_57,Band_58,Band_59,Band_60,Band_61,Band_62,Band_63,Band_64,Band_65,Band_66,Band_67,Band_68,Band_69,Band_70,Band_71,Band_72,Band_73,Band_74,Band_75,Band_76,Band_77,Band_78,Band_79,Band_80,Band_81,Band_82,Band_83,Band_84,Band_85,Band_86,Band_87,Band_88,Band_89,Band_90,Band_91,Band_92,Band_93,Band_94,Band_95,Band_96,Band_97,Band_98,Band_99,Band_100,Band_101,Band_102,Band_103,Band_104,Band_105,Band_106,Band_107,Band_108,Band_109,Band_110,Band_111,Band_112,Band_113,Band_114,Band_115,Band_116,Band_117,Band_118,Band_119,Band_120,Band_121,Band_122,Band_123,Band_124,Band_125,Band_126,Band_127,Band_128,Band_129,Band_130,Band_131,Band_132,Band_133,Band_134,Band_135,Band_136,Band_137,Band_138,Band_139,Band_140,Band_141,Band_142,Band_143,Band_144,Band_145,Band_146,Band_147,Band_148,Band_149,Band_150,Band_151,Band_152,Band_153,Band_154,Band_155,Band_156,Band_157,Band_158,Band_159,Band_160,Band_161,Band_162,Band_163,Band_164,Band_165,Band_166,Band_167,Band_168,Band_169,Band_170,Band_171,Band_172,Band_173,Band_174,Band_175,Band_176,Band_177,Band_178,Band_179,Band_180,Band_181,Band_182,Band_183,Band_184,Band_185,Band_186,Band_187,Band_188,Band_189,Band_190,Band_191,Band_192,Band_193,Band_194,Band_195,Band_196,Band_197,Band_198,Band_199,Band_200,Band_201,Band_202,Band_203,Band_204,Band_205,Band_206,Band_207,Band_208,Band_209,Band_210,Band_211,Band_212,Band_213,Band_214,Band_215,Band_216,Band_217,Band_218,Band_219,Band_220,Band_221,Band_222,Band_223,Band_224,Hardness,TSS,carotenoids,starch content
71,42300.0,0.0508949864950441,0.0477753327887502,0.0429664253346104,0.0397589290917835,0.0376106528323515,0.0360026670112202,0.0345714315871287,0.0335607193241889,0.0321836196018507,0.0306943369065681,0.0296940573027582,0.0278828207186967,0.0264661477004104,0.0255031926261197,0.0239958268700721,0.0229564904968603,0.0223021157167734,0.0216432403346047,0.0213811670010029,0.0211696522622314,0.0211597519368955,0.0212794598955858,0.0210445576218407,0.0208418080731593,0.0208646333178478,0.0205168199347141,0.0201166204059084,0.0200137439098556,0.0197704123466179,0.0193355082059317,0.019141826253471,0.0190320109948223,0.0187901989688208,0.0186040139604833,0.0186602024587465,0.0186719447575594,0.0188404878896325,0.0192507724561709,0.0197694491000897,0.0204320176522346,0.0214288115049299,0.0228636178666934,0.0244054688188056,0.0262392561618301,0.0285972849170456,0.0315493704767588,0.0346879144765206,0.0377587367859542,0.0408062763951111,0.0437304616622955,0.0461521115385162,0.0480408565189831,0.0494298076157563,0.0504611384876992,0.0512576964310456,0.0519265791435475,0.0524848863661963,0.0529908594562926,0.0534274985724685,0.053595984927711,0.0533529417020014,0.052695947523224,0.0517331918680003,0.0505169945305216,0.0489522859365563,0.047062107937729,0.0450749633174971,0.043308764479988,0.041856068116418,0.0405734229771546,0.0393751516953844,0.0383046395417302,0.0374555325091219,0.0368196561549142,0.0363141181426461,0.0358394010895928,0.0353472782591853,0.0348544630813891,0.034324582129662,0.0336510426375146,0.0328079173464589,0.031819364068685,0.0308487237832683,0.0300164790877466,0.029411757633506,0.0289756404354216,0.0286842752670787,0.0285385904380546,0.0283583729565821,0.0279483677184326,0.0271190319813851,0.0258563223428762,0.0243301728992972,0.0227926815508607,0.0214871086660971,0.0205467410708819,0.0198825431522218,0.0192979610093162,0.0185791010336047,0.0177404254074256,0.0168645763795496,0.0161780502717009,0.0157322658455089,0.0155279842277245,0.0155674440046525,0.0158772851333099,0.0164803117527695,0.0174479840251791,0.019226411128334,0.0223219637367408,0.0272675071142614,0.034277707919837,0.0434417148246599,0.0539953156707362,0.0649059063868158,0.0759141275042614,0.0863987692183915,0.096184859737987,0.105323528419575,0.114018215030884,0.122446372084459,0.130594949842959,0.138319736729504,0.145428791015244,0.151720755915146,0.15711393869843,0.161723624836454,0.165648900503967,0.168950133204233,0.171638814847198,0.173651616359132,0.17506129363291,0.17595658594282,0.176577734664301,0.177096215144322,0.177590912834239,0.178080050318658,0.178516534799941,0.178911622212031,0.179242345585757,0.179527739777626,0.179767517829249,0.179982919096392,0.18023886324381,0.180614236477695,0.181061242655432,0.181492725270751,0.18186834844752,0.18219385211207,0.182402581811638,0.182485878661096,0.182495468254975,0.182479516387458,0.182432732258278,0.182463638935329,0.182507695602612,0.182553360622026,0.182510300933314,0.182398852126631,0.182056818393568,0.181466005567537,0.18074072898991,0.180046030978588,0.179530880433213,0.179190450111478,0.178961161102793,0.178797410134695,0.178614070166349,0.17844523629573,0.178284097369151,0.178092539429449,0.177913712625036,0.177689022652444,0.177405526777743,0.177136084607714,0.176777252339947,0.176436849122229,0.176049884511453,0.175809121895901,0.175655637856824,0.175660780256535,0.175742264694143,0.175780918201048,0.175749585255802,0.175662454467092,0.175424212615076,0.174918161629128,0.174174319848524,0.173319330170542,0.172465598800379,0.171570938055834,0.170549946141098,0.16953036198348,0.168455527624087,0.167370731305283,0.166215368443383,0.164975360905594,0.163612605580781,0.16205094855002,0.160417068356427,0.158737608143672,0.156982668619665,0.155092368361312,0.15295600304821,0.150607916398213,0.14808938148393,0.145739912137787,0.14373974144685,0.142438795944715,0.141594869198617,0.141084343553032,0.140723865307291,0.140466222225646,0.140392676871257,0.140298642968499,0.140341320302001,0.140430511274685,0.140347968576571,0.140437791309878,0.14051516363154,0.140612760216846,0.140504856618966,0.140556673299902,0.140567973607752,124.134,7.8,1.16326530612245,170.801435924052
106,26360.5,0.0877872162775008,0.0824621140847462,0.0738630915674669,0.0673388464558274,0.0632703308967571,0.0604784603797877,0.0578959055386239,0.0563250983269786,0.0541906060624927,0.0515236978403747,0.0498049739165944,0.0466744552703282,0.04403321303416,0.0421454778897706,0.039734021368879,0.0377887697322538,0.0366696513146266,0.0355374466291891,0.0350992362456937,0.0348008065174957,0.0348375069462944,0.035184353488298,0.034989874030005,0.0347513496303494,0.034911672465434,0.0343826959648503,0.0337324769034958,0.033581837780407,0.0332432958242578,0.0325328148975599,0.0323191082077267,0.0322870342611018,0.0318878639619143,0.0316851646509798,0.0318313291881911,0.032015213297927,0.0325181361639926,0.0334616915683142,0.0346499330983844,0.0360788823547565,0.0381433181293559,0.0409618013011375,0.0439300970644962,0.0473530849700818,0.0515891310053154,0.0567296055153132,0.0619576577023754,0.0670911376474714,0.0720287209659153,0.0767072160798102,0.0805464266927001,0.0835696593863189,0.0858940283705229,0.0876229245154442,0.088972414272167,0.0901675202267022,0.0912213048154188,0.0922023707619286,0.0930596164077178,0.0935404538587553,0.0934248425186251,0.0926097999789869,0.0913560025630515,0.0897653674585868,0.0876303044881892,0.0848345194100251,0.0817520573846351,0.0790827392736605,0.0768206569007459,0.0748202938715793,0.0728776553670079,0.0711679413881534,0.0698049113273966,0.0688445486332404,0.0681205130422244,0.0673761949718332,0.0666063212123967,0.0658258655700135,0.0649819423356003,0.0638644186144416,0.0623665537913837,0.060611277461475,0.0588830898097066,0.057413810010028,0.0563100150444228,0.0554978624709797,0.0549662768992041,0.0546593899923976,0.0544135262774559,0.0537370616372341,0.0522756722089571,0.0499691031314754,0.0471251314087845,0.0441666581154082,0.0416433377942455,0.0398311745055643,0.0385686664460944,0.0373780734354476,0.0358438746045398,0.0339791304431542,0.0320464027653172,0.0303949761505157,0.0292613678806969,0.0286694122052137,0.0286103683263772,0.0290665628930576,0.0303681617576402,0.032584683222047,0.0364033671257166,0.0427998010254134,0.0524200016896596,0.0653625927650357,0.0812075454385089,0.099642366451491,0.118171057213443,0.135891463593742,0.152615091247615,0.168142543299304,0.182548088649909,0.196216752311329,0.209386160230647,0.222078825452797,0.234181645609723,0.24538150568096,0.255345253456459,0.263921288202908,0.271314886833367,0.277751416492472,0.283350306043384,0.288016384547715,0.291759203328217,0.294567766362639,0.296517473890148,0.297887026538055,0.299026045979592,0.300116950253005,0.301088937460978,0.301844644124036,0.302417056448432,0.302808673042079,0.303075683439607,0.30324782075724,0.30343309941032,0.303779088217513,0.304377189067491,0.30511232842145,0.305843739956763,0.306545059704482,0.307148117147791,0.30753586412634,0.307738795106329,0.3077872561096,0.307748060158743,0.307677084382505,0.307681149272099,0.307713350060638,0.307771347297813,0.307618244237289,0.307292290117929,0.306593977296939,0.30541492335524,0.303889075173242,0.302480789351976,0.301471939993088,0.300702087973919,0.300198478356857,0.299809403068807,0.299618157534361,0.299346465845146,0.299091477586737,0.298818234389864,0.298535784390566,0.298263269144619,0.297989040623791,0.297737725695447,0.297343852797744,0.296978599232428,0.296615361546431,0.296420707183878,0.29635200899202,0.296526147804619,0.296822856611175,0.297023734228479,0.296913615198333,0.29665734509338,0.29624983622092,0.295342840002747,0.293882152801217,0.292248853099465,0.290520742051982,0.288809368183264,0.286886316819124,0.28489007148033,0.282830424456884,0.280665329146171,0.278311111447028,0.275943172437142,0.273193561625931,0.270073899232863,0.266727971953144,0.263402605650498,0.259914427815398,0.256192846673883,0.251972249291955,0.24733275351026,0.242461200037637,0.237883705252198,0.234108008912319,0.231655104312802,0.230025060179986,0.229013876432964,0.228342015579584,0.227967478415883,0.227658816362819,0.22739065738009,0.227386735381463,0.227519078178837,0.227460460868462,0.227568363773974,0.22779585709132,0.228134550942711,0.228306115929086,0.228381075831299,0.228338648298428,52.983,8.4,1.41228070175439,148.787222654729
120,26558.0,0.0825452489300517,0.0788350555025946,0.0718825949859951,0.0669134204914446,0.0633852877094442,0.0610522735781406,0.0583032380109929,0.0560201900189221,0.0539653405739872,0.0513732338838585,0.0488765923057187,0.0466660237684805,0.0437497772389433,0.0416179015873683,0.0398031512817306,0.0376866769536141,0.0365567123245576,0.0355438302520122,0.0348846423328797,0.0345641835216281,0.0343481514720985,0.0344852072652065,0.0341950340417819,0.0336538888291669,0.0333255861891707,0.0330542186830903,0.0323225922489865,0.0317225902000789,0.0315347861325318,0.0310283778662657,0.0304950860685255,0.0302213740339569,0.029957520784789,0.0296885909709533,0.0296985841545597,0.0299701378147242,0.0303693246116276,0.0311903538172462,0.0324143659437551,0.0339240473212282,0.0358481903547348,0.0386086937476739,0.0421491570106528,0.046071907053414,0.0506078544914351,0.0561295908290007,0.0624944796610397,0.0686615141125037,0.0743728783721707,0.0796768302486273,0.0844871978573983,0.0882253247102703,0.0910591155634421,0.0932293244666477,0.0949602531274834,0.096456916673756,0.0978461903529781,0.0991472103560029,0.100230233617781,0.100850163309951,0.100732156432665,0.0999062692147949,0.0986312726944745,0.0969044196506265,0.0947643307562642,0.0920800487857313,0.0890426667398576,0.0859849024704513,0.0833694813974518,0.0811719667006094,0.0791390655029536,0.0772075213410135,0.0755148400143125,0.0741821737111733,0.0732479498149946,0.0724909423018854,0.0717017159924727,0.0708301282166963,0.0697587359259692,0.0684485263904819,0.0669022889855691,0.0651472657027401,0.0633016972716518,0.0616160030271815,0.0603817043482826,0.0595629166687366,0.0591259905842559,0.0587383551251285,0.0582582021569644,0.0572404623909866,0.0553024491644408,0.0524508435755135,0.049002090593791,0.0454560229234476,0.0424499047014839,0.0403068654888391,0.0389721665761947,0.0378313061380957,0.0363471261112534,0.0343841362250137,0.0321815253381543,0.0303035916940871,0.0290285115593601,0.0284301497250005,0.0285029346727969,0.0291707498520578,0.0306077264536015,0.0334898172003836,0.0388240998863058,0.0478143885818221,0.061144384985107,0.0788604005970259,0.0992134176767381,0.120409819468869,0.14193006625834,0.162223648837434,0.180397310250873,0.196304532853523,0.210286051645809,0.22280987301377,0.234097404715525,0.244275321777593,0.253527195121396,0.261980294632602,0.269238433181316,0.275336125331137,0.280439348867449,0.284981956971436,0.288962731531867,0.292404435999087,0.295120659547453,0.297208680118796,0.298848198394345,0.300041913919912,0.300963377845555,0.30181834089899,0.302604156585466,0.303284279196077,0.303872670924325,0.304538037799995,0.305286363200898,0.305994733256359,0.306737069372812,0.30748763051106,0.308444127780014,0.309489037165934,0.310518925219255,0.311471177096612,0.312321548311173,0.313000070788432,0.313507922498493,0.313783740042644,0.313905014571066,0.313811852843942,0.313600058239236,0.313336818329409,0.312936772000303,0.312397909501781,0.311702119678968,0.310661425887667,0.30919936317385,0.307468530205734,0.305933179355274,0.304705492462328,0.303807066289742,0.303130558678964,0.302575937499964,0.302010980167928,0.301590409760224,0.301162821870031,0.300882593693073,0.300507986534866,0.3001724963971,0.299890994812267,0.299648447433637,0.299355237144066,0.29899165240263,0.29860501185313,0.298358910309974,0.2982718940026,0.298415412439746,0.29867775875943,0.298927188815686,0.298945721557436,0.298819955773327,0.298557962302232,0.297911961893107,0.296730088151848,0.295488059316555,0.294105314039989,0.292810982848692,0.291116437838381,0.289227132748036,0.287222377167661,0.284921839090303,0.282625233592883,0.279915158356142,0.27694545063563,0.273731152110921,0.270226539887715,0.266754738858549,0.263129903677778,0.259484890801299,0.255157204334076,0.250313341959667,0.245342430750805,0.240560221801399,0.236724699512753,0.234021492674614,0.232208954732336,0.231028949522923,0.230120699131569,0.229619862844998,0.229325103679993,0.229187130305626,0.229196359436425,0.229502500012284,0.22969970299545,0.229830823730101,0.230063901426114,0.230707061388918,0.231397878625667,0.231606299973517,0.231752339328657,24.566,14.9,1.82882882882883,76.08310626703
121,27451.0,0.0856965386316387,0.0812299489619303,0.0730984735845113,0.0671768460078106,0.0634703699505769,0.0604460233319772,0.0578319649361538,0.0560385380491717,0.0538715203364711,0.0513825346115156,0.049526596114695,0.0464198793223692,0.0439558902889313,0.042089029693858,0.0395497536772452,0.0377789546998702,0.0365221901822364,0.0354132310550079,0.0350170590703017,0.0346917782484627,0.0347237058079841,0.0350569257061096,0.034757970263302,0.0344297655372277,0.0344923895013493,0.0339460243324999,0.0331978795972078,0.0330171050548533,0.0327119151616174,0.0320297905821568,0.0318037156934207,0.031730728482024,0.0313237442292206,0.031131042841847,0.0312483748863708,0.0314123184406241,0.0317421589282456,0.0326221823764284,0.0337432683389783,0.0350409080015402,0.0370318611667162,0.0397509661102176,0.0427336567975036,0.0461682323531703,0.0505673905309296,0.0557900938426135,0.061163580871747,0.066523813592923,0.0719069339872876,0.0768225471238728,0.0808317429901543,0.083876654374994,0.08620597066376,0.0878369860410371,0.0890543471607436,0.0900776003281129,0.0909711290238585,0.0917643471221524,0.0924217481581761,0.0927236923867832,0.0923326528611437,0.0911765317653097,0.0894986560940999,0.0874500579324822,0.0848851754493062,0.0817047820878291,0.078260463535093,0.0752263057373952,0.0727068661134196,0.0704847852117472,0.0684125767194554,0.0665258538453707,0.0649615615014284,0.0637975006874509,0.0628931059460587,0.0620648062226943,0.061232165727648,0.0604078888689021,0.059485251897994,0.0583606886054349,0.0569399121386603,0.0552444615802652,0.0535577821248398,0.0521314182148919,0.0510435886169255,0.0502470225722508,0.0497205868327959,0.0493434417130681,0.0489733130386084,0.0482392742495156,0.0467286007712406,0.0444683317838384,0.0417581602194193,0.0390415578022048,0.0367387473204285,0.0351417254402612,0.03411480922497,0.033184225271502,0.0319834155898926,0.0304130559081248,0.0288106295478879,0.0274918467809032,0.0266480924778502,0.026279157928146,0.0263796455664899,0.0269997844653601,0.0281992070349838,0.0304051797237508,0.033880223473965,0.0396223764459644,0.0484822799065794,0.0607298782201724,0.0760599766885712,0.093562927933352,0.112339045770964,0.130345013436929,0.147018588070176,0.162734293786821,0.177548896215874,0.19166766207595,0.205274934955675,0.218428428895164,0.231001533426791,0.242708079674983,0.253201274437712,0.262359186827004,0.270250647645238,0.277101324162219,0.282997229254757,0.287869516465736,0.291653298458301,0.294417548073608,0.296263563852554,0.297398089745136,0.298189179982143,0.298928789144639,0.299665208041792,0.300248152329098,0.300693107920669,0.300962137109172,0.301107256672813,0.301207981021593,0.301332299652107,0.301643025623622,0.302186653649703,0.302910090103994,0.303668814919193,0.304397678011315,0.305038817246319,0.305507531615868,0.305834056755641,0.306001486088957,0.306096697830098,0.306124845168746,0.306276494338543,0.306485126366006,0.306653704060871,0.306730547500755,0.306592865640433,0.30613630301274,0.30524048893005,0.303999190379945,0.302906140814365,0.302030799963321,0.301523268960681,0.301189001787711,0.300976797985334,0.300819375462412,0.300679791553318,0.300539848702618,0.300334250577848,0.300131352148712,0.299861456356035,0.299592607313326,0.299244710677642,0.298817270330285,0.298407588075806,0.297841809753232,0.297357850729107,0.297119936381368,0.297227645527477,0.297334270236567,0.297278079956039,0.296963830847521,0.296571841805127,0.29600529983897,0.29497829471071,0.293401117702491,0.291695227238924,0.290049698387735,0.288219557435987,0.286335737668565,0.284384884228402,0.282368734828753,0.280340505327026,0.278254603209477,0.275958557742148,0.273438240945674,0.270525087683329,0.267387510072063,0.264226131990542,0.261110305047079,0.257698438201985,0.253811014965351,0.249564536606732,0.245144619056885,0.240810811192073,0.237507527549707,0.23532927039934,0.233838387017519,0.232978022952028,0.232440196272889,0.232118118587479,0.231832963794967,0.231666545627961,0.231585504761976,0.23166666650838,0.231621539264984,0.231701534772462,0.231849027107321,0.231910641144899,0.232081720865437,0.232086142504555,0.232093387255074,55.568,10.1,1.06542056074766,123.593620868825
158,27726.0,0.0811500007263587,0.0767017758767213,0.0688226773012169,0.0632890913157528,0.0594185259951551,0.0566754519633959,0.0542478413210588,0.0525690324544798,0.0503742657229653,0.0474937044465408,0.0456837934573655,0.0427016189048917,0.0400802938142519,0.0381735142579975,0.0357022007156164,0.0338622531196623,0.0326008463320312,0.0314228613373761,0.030865590170479,0.0304277821974215,0.0302415921833072,0.030291810286,0.0298051218868382,0.0294509589965232,0.0294914633296902,0.0290430170629942,0.0282555580213696,0.028100483909653,0.0278091120696455,0.0270404305161518,0.0266510478363698,0.0264945726368424,0.0260459716802079,0.0257388594534999,0.0257857477758006,0.0258227181762979,0.0260119965557542,0.0266185532295325,0.0274448340149418,0.0283425535001791,0.0298654105085078,0.0320760161136514,0.0344955172684032,0.0373659411017001,0.041091881083998,0.0457937304616995,0.0508876351902426,0.0558625077354186,0.0607656526280819,0.0656115516166505,0.0696875753145031,0.0728137464380673,0.0751721996894551,0.0770596335287099,0.0785525446944641,0.0798589272846433,0.0810080288950811,0.0821337263500433,0.0830630929005457,0.0835563439325954,0.0834177677272235,0.0826378501336384,0.08146253226057,0.0799408813836389,0.0778711417903016,0.0752589955222609,0.072408472384979,0.0698044629763657,0.0675903106740197,0.0655840211233422,0.0637261160047682,0.0620627438070463,0.0607085633922078,0.0596723373286486,0.058850294266357,0.0581289467861686,0.0574306400701999,0.0566930841614345,0.055903337344034,0.0548425304714229,0.0535040741265416,0.0519077597867643,0.0503245981672538,0.0489487147026246,0.047961834421205,0.0472389640243981,0.0467730192745016,0.0465024812916469,0.0461332262743108,0.0453773612930119,0.0439195751539112,0.0417400805368135,0.0390997659280748,0.03645909076204,0.0342597980941166,0.0327198489855613,0.0316746150993576,0.030720714706225,0.0294811561256171,0.027922445129466,0.0262657215799021,0.0248887113981844,0.0239780354282256,0.0235559313393917,0.0235965205653446,0.0241820093970104,0.0253072323710689,0.0272164814183082,0.0307303515309307,0.0366896138042273,0.045815870515792,0.058365956125237,0.0744887663448847,0.0925189638018968,0.111087202771909,0.129471902593316,0.14664470114314,0.162309104897818,0.176667873659797,0.190113554277076,0.202991041937388,0.215335772885476,0.227007524798789,0.237742985369738,0.247244732748206,0.255440863191266,0.262543404475919,0.268751143028066,0.274142803556559,0.278694367888376,0.28236098148361,0.285099079315555,0.287053888814385,0.288634821365216,0.289993905737973,0.291297833235814,0.292503348008169,0.293604907587942,0.294524978477551,0.295392389375491,0.296088547660001,0.296702977393225,0.297268591539057,0.297906719954419,0.298684562431912,0.299532256079623,0.3003221112917,0.301018284173309,0.301554230175219,0.301932271807386,0.302104836805594,0.302151752497334,0.302044755812971,0.301968466882138,0.301883997940628,0.301887671096885,0.3017976109371,0.301563755905952,0.301157497199089,0.300343340756748,0.299079517236567,0.297506311249352,0.296068859125376,0.294984532395414,0.294255975951087,0.293810029001811,0.293404204278249,0.293090900795476,0.292785366069419,0.292524315490424,0.292327609651285,0.292088776428105,0.291896182992092,0.291671652294194,0.291474353388463,0.291222901844756,0.290981567485765,0.290681976745524,0.29046447358042,0.290478536488981,0.290876817974223,0.291190126161243,0.291532857071799,0.291689130001228,0.291720977888198,0.291382985708639,0.290782844954967,0.289487286279625,0.28815078475235,0.286674437657397,0.285035452797346,0.28321201591888,0.281266489673073,0.279225203065417,0.276955366274013,0.274616401516984,0.271959288840473,0.269136950651103,0.265870831610789,0.262478855204659,0.258912129526012,0.255437821920523,0.251596495491222,0.247339683997946,0.242716223848823,0.237930047483729,0.233224057028863,0.229408458510009,0.226845011824518,0.225056089460278,0.223909642838532,0.223213348854535,0.222715305731207,0.222270242482532,0.222119960932158,0.222101333194987,0.222268341292373,0.222195570753378,0.222376608671031,0.22258325282589,0.222996446269363,0.223018598676787,0.223217536099864,0.223242877750844,29.937,13.3,1.77450980392157,77.5353127251088
208,28183.0,0.088216672783976,0.0837630850982849,0.0770480005620243,0.0719514100350841,0.0689370277874818,0.0666788199000093,0.0640511931598501,0.0622450193831534,0.0602592305911165,0.0573458941051939,0.0551298843293591,0.0528194638080153,0.0501208080410375,0.0483167992243477,0.0464691770137288,0.0445324312579227,0.0434063737416894,0.0424555917899721,0.0418597734738922,0.0413178126804508,0.0411103685296504,0.0411870317020103,0.0409321889866087,0.0405566204781294,0.0407338766701968,0.0408245757390976,0.0404669346532796,0.0402968744966358,0.0402978898948863,0.0396909403257511,0.0390434807334187,0.038652262396714,0.038328826963666,0.0382220344162491,0.0385658400751394,0.0393328641757605,0.0404007043987695,0.0420519240422061,0.0443012731707522,0.0470157981990365,0.0502986936284298,0.0547569091180303,0.0601822414936674,0.0660298694001509,0.0724797222051622,0.0800081320479329,0.0880828544882449,0.0957393763833418,0.102819549576234,0.109532402184226,0.115832068557942,0.121266785693407,0.125865991056509,0.129986963401652,0.133806234371338,0.137284418858511,0.14041682263324,0.143263459274736,0.145665346682768,0.14749152706984,0.148728582783737,0.14965566273899,0.150841835191454,0.1523030579699,0.153607354707097,0.154157080015023,0.154031323209349,0.1536445762708,0.153341761559754,0.153122572415889,0.152830501539856,0.152414551796145,0.152204987818645,0.152383920733514,0.152871738985488,0.153319185631923,0.153454873225014,0.1532501118939,0.152707544929597,0.151812363213132,0.150549234103543,0.148871805575564,0.147043816517823,0.145511813552738,0.144544285698406,0.144054192959961,0.143952844938322,0.144004977046608,0.144094398817475,0.143914186653368,0.142914219355001,0.140764799727353,0.137529088160322,0.133631399970434,0.129824553796604,0.126628343808111,0.123783150223594,0.120258913777239,0.115181320510498,0.108481655183937,0.10096710059821,0.0941092863490482,0.0890630006638371,0.0863614040370487,0.085898529403796,0.0874418699908766,0.0916906303447212,0.100328736165858,0.114598897025772,0.133764563496099,0.155391496267574,0.177193289847197,0.196775329254244,0.213204270754538,0.22681815687416,0.237529400841575,0.245605515562317,0.251573624630829,0.256065626732193,0.259615904630174,0.26240084481163,0.264587321677607,0.266412161406606,0.268023282367066,0.269185708505656,0.269951095644512,0.27054146925235,0.271274810299719,0.272134599614958,0.273027893848393,0.27382000990793,0.274477127654538,0.275106189506204,0.275617385455122,0.276127770544784,0.276721315742912,0.277415661285454,0.278114983560855,0.278881142391229,0.279685091244835,0.280600533145926,0.281436083474584,0.282297520341199,0.283184603593129,0.284168061123082,0.285191016037435,0.286184377335504,0.287027623403967,0.287847031937405,0.28847526737738,0.288928510063721,0.289162503109146,0.289243807022299,0.289173659797072,0.289012908474259,0.288713368021068,0.288317024693048,0.287776884544861,0.287067869994275,0.285978807128479,0.28447880928557,0.282777632902806,0.281237000502386,0.28003647300953,0.279129473834748,0.278439784970508,0.277874328733546,0.277300509202534,0.276834168713392,0.276388663401897,0.275964524474756,0.275620270764791,0.275271563542691,0.274965234466667,0.274682861924274,0.274446084944811,0.274064738519891,0.273716857752542,0.273510317336706,0.273488464219226,0.273738265428998,0.273948344445017,0.274268110263017,0.27438604008742,0.274324251244703,0.274115145379681,0.273495625108581,0.272465713973507,0.271407383168895,0.270185317216545,0.268901248158291,0.267386108022272,0.265701430388409,0.263871612809159,0.26184850611989,0.259512328066426,0.257042827659839,0.254255986345989,0.251223548893544,0.248059130678435,0.244762570049276,0.241516179799925,0.238070128055867,0.234168005382709,0.229818273458427,0.225385709246303,0.221150367123127,0.217667657126532,0.215285667241923,0.213663228566819,0.212658624010548,0.212040062189357,0.211651262838035,0.211396025003959,0.211412054642709,0.211482384165375,0.211744724046928,0.212101933664877,0.21258809521828,0.213087889991474,0.213678489073009,0.214471142128584,0.215057021871186,0.21536439307319,34.02,16.0,2.09944751381215,49.0059269813524
209,25765.5,0.0985572740284575,0.0929825799758208,0.083857252717717,0.0777005166530862,0.0737589601501013,0.0705462731867886,0.0675573039975615,0.0659241501710937,0.0635700024388701,0.0606464412310967,0.0585478126342616,0.055299162923075,0.0526325221611805,0.0506265651209775,0.0478477094455369,0.0459288340293391,0.0446280749607431,0.0435844553636124,0.0431343270147457,0.042818054512691,0.042827656821306,0.0430896540637139,0.0427473297914671,0.0425262845196356,0.042851945193979,0.0423927812673568,0.0418515699310308,0.0419105121202327,0.0416799286354377,0.0410096947340989,0.0407318519513072,0.0406782664909447,0.0402299914243731,0.0400898364165445,0.0404105680771332,0.0408726860859249,0.0416445923340231,0.0431563973183783,0.0449426861561959,0.0471858927843435,0.0503181195340978,0.054402428246596,0.0590645875455274,0.0642390578502071,0.0704842494235449,0.0776929221385135,0.0848688904071942,0.0918055724295193,0.098514455912444,0.104741505225414,0.109911706436104,0.114080232587625,0.117486087205679,0.120293863763616,0.122798132350993,0.125000141507478,0.126972322829876,0.128801105622575,0.130449173293827,0.131516531494261,0.131788555236183,0.131488330265516,0.131082071283397,0.130568451594265,0.129413923920087,0.127395863790628,0.124937387357353,0.122715074658506,0.12082579502738,0.118987230272081,0.117045171948379,0.115306972802406,0.114075132922114,0.113304115172725,0.112733880257839,0.112058600386516,0.111290361710887,0.110545139879024,0.109712670587981,0.108448325671198,0.106611932432803,0.104363164155339,0.102178758735637,0.100463002520795,0.0992023010918265,0.0983023256976836,0.0976750639736467,0.0972732765511147,0.0968730803097614,0.0958889456153832,0.0936751062647981,0.090144862611902,0.0857468297262473,0.0812058730664078,0.0772743327427088,0.0743383176760564,0.072106118721278,0.0696703429502203,0.0663476350587584,0.0621871038807803,0.0578246750600375,0.0540320491575119,0.0513271455591821,0.0498153450682866,0.0494972471903399,0.0504740586872486,0.0532246896478624,0.0589995722668299,0.068776807952109,0.0832539263413584,0.101961437767973,0.123530087494239,0.146441426380033,0.168993095274366,0.190021753369853,0.207738555520931,0.222194491115803,0.234008174575232,0.243748577286432,0.251951535450566,0.259070393027557,0.265418910753036,0.271085151394524,0.276024986118826,0.280099324605694,0.28339630972564,0.28605987478522,0.288433385743023,0.290593020503299,0.292385990868204,0.293719086972476,0.294557233834239,0.294955496361206,0.295052772663811,0.295140560350034,0.295434274714019,0.295912230447632,0.296401173118633,0.296813052960874,0.297086768690127,0.29728737430962,0.297465679866352,0.297723040317949,0.298124501269871,0.298819708860281,0.29963837915351,0.300483196681387,0.301294611790992,0.302002544119107,0.302518367761092,0.302870648260694,0.303013195306366,0.303113741956125,0.303216864748924,0.303392595498315,0.303555439973464,0.303699010752325,0.303732167252566,0.303479665996976,0.302873577217084,0.301737175892194,0.300287469629591,0.299037187872797,0.298132574707766,0.297607673473802,0.297279810949358,0.297025291367484,0.296843419237647,0.296644158980962,0.29640464127326,0.296242131267657,0.29603247689913,0.295744898335957,0.29546413081129,0.295150327395053,0.294745148370728,0.294282587109874,0.293740759484813,0.293335518917909,0.293157553927795,0.29312768518698,0.293173781293828,0.29307586107002,0.292862851755497,0.292437702463507,0.291825871358128,0.290755009928449,0.289190344131002,0.287564485039779,0.285854943313605,0.284006112289868,0.282112906528144,0.280169057399798,0.278224703642534,0.276105661662272,0.273826136881857,0.271356658374615,0.268665384369182,0.265752120451764,0.262592193071825,0.259429960142384,0.256198102332478,0.252932872483742,0.249080458448915,0.244948552771948,0.240746345360155,0.236824656468397,0.233650352803454,0.231558833355472,0.230200519252673,0.229500166536445,0.229103648312505,0.228877371431893,0.228685062213197,0.228702829034413,0.228806816277491,0.229201536718199,0.229351932269147,0.229618075924831,0.230088451352596,0.230382454845157,0.23066975903791,0.231100618279015,0.231184997518073,38.064,15.3,1.55440414507772,63.7999898454821
214,25338.5,0.103743826409478,0.0978301433575131,0.0875273218007665,0.0803205859858946,0.0758783515867367,0.0725444193056527,0.0697052406434556,0.0685444770076269,0.0659424428783789,0.063174445834062,0.0612880509093104,0.057959493451703,0.0553068423813713,0.0534944266620298,0.0507996042166318,0.0489979463106219,0.0477945757724793,0.0466484050345014,0.046118855929002,0.0456880046281411,0.0456051577525867,0.0457986229124079,0.0454419756946409,0.0453909489943693,0.045832041677269,0.0456817381273161,0.0454378809186431,0.0457976195001879,0.0456936361267735,0.0449845115811069,0.0446232401160305,0.0443865148341486,0.0438572265678175,0.0437407813786142,0.0441736981443959,0.0448238188266749,0.0460540649224703,0.0479640917410503,0.0502667908907297,0.053112497689837,0.0568832517624054,0.0617848388179849,0.0670552029677637,0.0729155626338456,0.0797133905912318,0.087430727137602,0.0950435347699735,0.10212140514077,0.108746459536687,0.114998274206826,0.120351127633046,0.124883593293966,0.128793384091435,0.132322536634471,0.135587789634742,0.138695857616502,0.141514191087129,0.144140682001709,0.146523181161198,0.148350740713117,0.149586261447156,0.150552392730766,0.151847272525239,0.153409716241887,0.154560808517616,0.154861666625353,0.154595379826473,0.154364481158565,0.154140038630239,0.153739012313916,0.153112516571435,0.152650041914385,0.15265668879354,0.153077587047591,0.153571738947288,0.153730918679687,0.15370385070134,0.153611398766591,0.153294859356699,0.152360630838389,0.150598284081918,0.148323807987582,0.146219883934702,0.144650415422444,0.143608712570466,0.142851915611097,0.142346462911497,0.142234877271866,0.14237183386728,0.142058888129409,0.140586680258816,0.137758782155154,0.133842448627334,0.12949032889759,0.125370449485078,0.12181356618741,0.118340084414657,0.11396585705078,0.108032426270216,0.100963935295328,0.0935773069481584,0.0869547451371786,0.0820095296561976,0.0791250220771024,0.0782478778043803,0.0794035033738134,0.0835515903575559,0.0921548575450969,0.10677803219199,0.127297934620736,0.151345259012154,0.175959711036649,0.199116471632867,0.220056013329101,0.237167890336474,0.250659089497836,0.261105358604992,0.269035709680198,0.27505155312972,0.279899315339818,0.283957806948197,0.287514894408557,0.290627021503877,0.293288495861089,0.295386164652422,0.296929685709785,0.298199343311698,0.29948295709905,0.300817235265867,0.302036243133482,0.303108814737252,0.303909877731573,0.304464400310715,0.304909135288886,0.305481495954029,0.306231654077771,0.307039038670107,0.307838520031562,0.308504257135962,0.309015058283188,0.30946035764022,0.30980741715962,0.310189067634388,0.310725626082097,0.311445792331047,0.312259570111376,0.313090950581688,0.313851298903738,0.314481703806838,0.314937456406204,0.315234779338536,0.315324517859908,0.315355344276496,0.315380777501722,0.315444604208008,0.315495955177512,0.315544229465586,0.315385036070829,0.314897773102906,0.314055232031885,0.312682433491549,0.310935134008153,0.309439037754469,0.30832925021226,0.307618030757773,0.307162766576371,0.306803807318197,0.306592278662874,0.30636793529171,0.306166797560784,0.306001383325474,0.305812598939107,0.305673444375566,0.305455278400858,0.305310359492787,0.305139754447462,0.304852625049821,0.304657325057377,0.304540003994998,0.30463320683244,0.304827639455929,0.30514879429855,0.305382041239916,0.305249445907594,0.304984567421031,0.304469373376503,0.303378995505218,0.301879289485994,0.300062377931278,0.29822469874619,0.296352954984749,0.294217370759086,0.292044950082641,0.289844265506029,0.287457032831083,0.284808574349013,0.281981626490439,0.278931442506515,0.275649549724731,0.27205858086577,0.268499755040151,0.264907126304978,0.261119748558965,0.256901011677156,0.252398452787409,0.247559721660695,0.243188165387922,0.239513939066589,0.237127357671633,0.235599849039467,0.234637927123019,0.234187439141433,0.233783239382116,0.233559352953122,0.233531538753362,0.233713093185685,0.234126705384677,0.234221497452368,0.234579898519506,0.2351778382279,0.23580110291013,0.236349330724566,0.236838977990473,0.236918740624392,25.044,15.4,2.22918531781558,54.4633640531568
216,28134.5,0.0803439151027794,0.076364791715261,0.070264099534688,0.065412992825426,0.0624752717010716,0.0603346229733619,0.0579083076458217,0.0561622508202568,0.0542024617647048,0.0516135502405838,0.0494545959626662,0.0473365763833767,0.0447297290547907,0.0427855048332333,0.0412372203283825,0.0394821071900676,0.0383697259607897,0.0376374722373579,0.037206893074609,0.0369210530199219,0.0367925223551363,0.0369183719602849,0.036716007572999,0.0362404898598207,0.0361157443435505,0.0360391603073619,0.0356453733419343,0.035396954001169,0.0354028766882805,0.0350575019458634,0.0345649982820254,0.0342771024220062,0.0340867419319563,0.0339597560149285,0.0341733199561476,0.0347584761700681,0.035562979609795,0.0369068630493034,0.0388501997319856,0.0413080366393297,0.0442830567507688,0.0483053489969678,0.0534036605341514,0.0590500145752768,0.0652014648561738,0.0723421066189819,0.0800986053067981,0.0874766581721902,0.0941478706651702,0.100211495729547,0.105692366851058,0.110201606667908,0.11379345319097,0.116786184687814,0.119392972620341,0.121805237874948,0.124004071999713,0.126033290853185,0.127744325630549,0.12892184720345,0.129436386916151,0.129479456293039,0.129517349910204,0.129550056112981,0.129326945725538,0.128380888290402,0.12679814418754,0.125054346331684,0.123525738836565,0.122222087371647,0.120942751346991,0.119646793699874,0.118541561643304,0.117829271829714,0.117528886605671,0.117379914359005,0.117052793769013,0.116414251070825,0.115460007714064,0.114129928383689,0.112458787777026,0.110495620020403,0.108418925685573,0.106581441587716,0.105305920496906,0.104571236857222,0.104216918939246,0.103913725931383,0.103525335694575,0.102595773049437,0.100672848259321,0.0976456940924441,0.0936916785882709,0.0893334990478463,0.0853905910360215,0.0823302613556171,0.0799209769487941,0.0772573974652211,0.0735655762340302,0.0687338193185611,0.0633434219505112,0.0584867465871779,0.054997835526184,0.0532499789428154,0.0531962024777502,0.0546190475016841,0.0581073726132477,0.0651165053138807,0.0771595200311471,0.0944539326962798,0.115466073365652,0.138239155441597,0.160002681802632,0.179731075049232,0.197349505158031,0.212292954863623,0.224509524311543,0.23433796382874,0.24234658279777,0.249137627606151,0.254940676133404,0.259874761856283,0.26420491282391,0.268077054850461,0.271275213538867,0.273812860436041,0.275923416132812,0.277897491550731,0.279744320728764,0.281393571926903,0.282713910988223,0.283743493369427,0.284565290975805,0.285186856055237,0.285699190802309,0.286271369614905,0.286896252191227,0.287484641903818,0.288114673250125,0.288785587403272,0.289580076654106,0.290302929210643,0.291085641821929,0.291917762285858,0.292855866161371,0.293854290239837,0.294806603526783,0.295613468445278,0.296409832635944,0.297037915233046,0.297443543346069,0.297683778137325,0.29775166943737,0.297675316053235,0.297482540206239,0.297172109884305,0.296816221358591,0.296290385804554,0.295588815216434,0.294537231304246,0.293147255697429,0.29155317734945,0.290090634142111,0.288937728610331,0.288070819382966,0.287420691426187,0.286834917454134,0.286319567446324,0.285867615763966,0.28541998849608,0.285052215238594,0.284681391731391,0.284385776509251,0.28409826250111,0.283832435104333,0.283617806701518,0.283266791192995,0.282988809362328,0.282793763123636,0.282775069234594,0.283072847220173,0.283310889734051,0.283614117867552,0.28375089923097,0.28372206936805,0.283437879234163,0.282788448948125,0.281799273857011,0.280689131398557,0.279494549015185,0.278197887850253,0.276717107904502,0.275071331136474,0.273273328512067,0.271313069088193,0.268962101120741,0.266660811406156,0.26389163164017,0.260883532655978,0.257785783457042,0.254635570715258,0.251443832870043,0.24805535620909,0.244085744687757,0.239741689753735,0.235324227424799,0.230936979683044,0.227388271332701,0.224902157258787,0.223151833024416,0.221998224719509,0.221296340521916,0.220687082988974,0.220421496023772,0.220359675188185,0.220293823032247,0.220527615363655,0.220840852183478,0.221186468404746,0.221561023012117,0.222007277650309,0.222621952079288,0.222981235759031,0.223304966185554,23.113,16.1,2.4163179916318,71.7302452316076
220,26730.0,0.0816335901606074,0.0770127848985824,0.0707069954156184,0.0652654328167468,0.0623286164573656,0.0603582956546235,0.0576982297926016,0.055636400752426,0.0535166566950754,0.0508044567132387,0.0485542221118681,0.0463497800749657,0.0434358185592333,0.0415009472741872,0.039683159879405,0.0377893648536081,0.0367113311647381,0.0358458006136607,0.0354338328742813,0.035202052288872,0.0352252990191556,0.035459711803685,0.0353303980371625,0.0348769329277307,0.0346732155445608,0.0343855481635604,0.033840322480831,0.0334698484824558,0.0334031947404968,0.0330101975371752,0.0325975701647733,0.032467267746046,0.0322808166303531,0.0321457889723695,0.0323097548517174,0.032771962948761,0.0334450316178915,0.0346284017773191,0.0363104172216276,0.0383898764818586,0.0410358257302679,0.0447163888211298,0.0493145812021089,0.0544109823463859,0.0601524298127189,0.0669798740496095,0.0744893374085092,0.0816787026452071,0.0882199608108532,0.0942301438286447,0.0995633299159151,0.103755455667679,0.106917502527912,0.109432099274554,0.111489874288536,0.113369526461569,0.115052357925451,0.116657207712205,0.117971683758509,0.118746157535609,0.118777594577391,0.118133546604906,0.117172161037154,0.115844147245047,0.11410181127154,0.111670368104747,0.10871468665861,0.105756062640608,0.103143159384508,0.100935096023658,0.0988718365913285,0.0968482797419792,0.0950970558854196,0.0937950698746879,0.0929278572751606,0.0922459657373703,0.0914987558280239,0.0905564467394819,0.0893634548576895,0.0878829089852801,0.0860424167872748,0.0839124593906479,0.0816875438055717,0.0797028164528972,0.0782473744799869,0.0773173353676121,0.0767985128392134,0.0763321678123223,0.0757529145966686,0.0745293624617874,0.0722672353090229,0.0689006128386658,0.0647248640429639,0.0603505046294079,0.0566091719444974,0.0539414017503496,0.0521356736522082,0.0503595659589711,0.0479541706692962,0.0448007368108174,0.0413589346075389,0.0383981296553424,0.0363112486600108,0.0352233081688278,0.0351245191255074,0.0358586478626811,0.0377959988495538,0.0418900512797045,0.049441416185012,0.0615489605443811,0.0783308447643543,0.0991411669290235,0.12171992177653,0.144231035276176,0.16615174521784,0.185972780796456,0.203062039172602,0.217533357660827,0.229889782677983,0.240675428698539,0.250175578321295,0.258531323993002,0.265992392841744,0.272655885427891,0.278280506992884,0.28289757970439,0.286730633114271,0.290133357525858,0.293205065968033,0.295840276554636,0.297933814970644,0.299515771507849,0.30079340025589,0.301739391932546,0.302498367815478,0.303252124102724,0.303985307056575,0.304683935078765,0.305376112909085,0.30611019228137,0.306914211314317,0.307692451465726,0.308486471568092,0.30931830400894,0.310266261552586,0.311263834323677,0.312258774207324,0.313108964797175,0.313903347318627,0.314499608211772,0.31491013910626,0.31516310519347,0.315198390009621,0.315084301714416,0.31485401745201,0.314536591406258,0.314171263128221,0.313654469428575,0.312932624934017,0.311835276288182,0.310350846126847,0.308654074318209,0.307135830167999,0.305951595912214,0.305041923497588,0.304400101117525,0.303819783142892,0.303302817783709,0.302845819864073,0.302424272359282,0.302064319576294,0.301736576067229,0.30140598124151,0.301140738695367,0.300866149541972,0.300672065616212,0.300297070021864,0.299970777362905,0.299859153645695,0.299876688373256,0.300175353608518,0.300499540768731,0.300815066477179,0.300988576384422,0.300975595051845,0.300775805113644,0.300154679977854,0.299081326007504,0.297990086857742,0.296739521205914,0.295398762714498,0.293768464666624,0.292040983856846,0.29011800470187,0.288022124815735,0.285638310735625,0.283170266757619,0.280436303133707,0.277334110790734,0.274080546523125,0.270832067943026,0.267592217471,0.264082202568693,0.260086486345516,0.255655257040862,0.251113443334533,0.246738561606956,0.243149726837707,0.240692583823633,0.238966253998299,0.23789127078601,0.237196423472876,0.236646665693498,0.236304580330765,0.236258608003965,0.236249987346454,0.236473785989915,0.236660302135334,0.236857510832253,0.237008383590388,0.237483850682113,0.237967539595605,0.238157929216485,0.238245288166437,20.859,15.8,1.44769874476987,75.9599692292207
231,27045.0,0.0995231006183649,0.0937669111466624,0.0851115215887675,0.0790434737347681,0.0751992341992714,0.0722155459757674,0.0693660401490881,0.0675424290768801,0.0654096489365019,0.0621636142828339,0.0603088256691533,0.057200987334493,0.0543124723271459,0.0524685257017377,0.0498971163444355,0.0479971844982677,0.0468824958751255,0.0455462972140633,0.0449359966911234,0.044330086322691,0.0440544601429733,0.0441128284364909,0.0437083764304279,0.0434666613304079,0.0439335984821599,0.0438306177735922,0.0435862917009326,0.0438446751070242,0.0437929276126393,0.0429606392072683,0.0424068322637827,0.0419889060030615,0.0414176184954574,0.0412082767898372,0.0416053364265811,0.0422604876757713,0.0433757815715667,0.0451856386170099,0.0474048790895216,0.0501936400013255,0.0539105081042228,0.0588852105807899,0.0645229262439943,0.0707396938140434,0.0781536571993937,0.0869361183925717,0.0960236491131983,0.104764188149006,0.113198138699015,0.121567487150217,0.129224584396246,0.135851924602339,0.141681768845823,0.147101698850479,0.152140832981528,0.156651185508952,0.160600362335953,0.16411411758595,0.167072724009027,0.169286663512908,0.170874572487529,0.172395159235433,0.174545798145033,0.177297523112907,0.179768135589818,0.181454042849848,0.182529833896657,0.183400173723534,0.184192427255567,0.184749952202508,0.185001975773131,0.185369106454442,0.186164476798271,0.18729327069905,0.188456219699975,0.189302865022668,0.189811557551625,0.190134974415581,0.190194927698487,0.189704348458028,0.188521686385634,0.186768379048549,0.185021926918659,0.183791107455416,0.183127271840061,0.182722304426709,0.182587928766095,0.182936809627229,0.18359618855754,0.184229013054206,0.184173542445646,0.183121176633918,0.181114478348631,0.17848159924289,0.175561559524861,0.172503129567223,0.168767640368568,0.163302935657506,0.155473861863423,0.145691448659267,0.13519121355362,0.12557186373952,0.118411089362734,0.114450033345108,0.113563326238099,0.115572491080248,0.12151397903558,0.13328253840811,0.151728768754525,0.174700958715058,0.198115996561115,0.219095694889043,0.236897652681941,0.250820185497562,0.261402037486248,0.269290168752616,0.274957477112861,0.278927932081556,0.281670117223331,0.283775271517304,0.285562500511738,0.287009412941776,0.288284882545338,0.289307838641921,0.290084610757553,0.290586424625082,0.291011361605465,0.291565746968408,0.292326523760683,0.2932350353482,0.294074672456407,0.294741898701091,0.295270244383703,0.295854016588052,0.296532609463765,0.297400347625615,0.298381945216588,0.299437119130809,0.300476690479041,0.301509644092936,0.302506686707539,0.303399176674447,0.304233501299666,0.305105839707628,0.306022857303995,0.306962343079018,0.307831602309773,0.308607193616894,0.309251120154174,0.309721879094079,0.309999297710669,0.310129837225086,0.310146480315736,0.31004895956121,0.309985570459947,0.309880271824555,0.30970751883758,0.309382148233539,0.308794475827573,0.307779488506907,0.306268229390125,0.304491004781403,0.302884693579181,0.301724170086367,0.300958555867707,0.300464294698763,0.300054047314769,0.299778099203308,0.299511197715725,0.299349027526405,0.299171474487113,0.299042040077828,0.298948518366566,0.298837133088155,0.298790228171122,0.298740089414947,0.298536681557647,0.298375422984553,0.298347630719706,0.298478190912138,0.298822637730171,0.299215368071936,0.299534536409755,0.299575881733006,0.299506355384867,0.299189944027315,0.298241923783198,0.29691192113786,0.295433465975437,0.293776583308451,0.291892701667383,0.289937752556507,0.287813156080076,0.28545594328697,0.282964568764366,0.280183583796053,0.277230392635485,0.27407587462686,0.270471389065362,0.266791594145858,0.263059292923302,0.259288441481998,0.255329068007498,0.250909196730882,0.246135193927755,0.241195386927312,0.236468564109253,0.232548331171919,0.229852546616704,0.228167779811826,0.227079120022993,0.226223112556165,0.22566955647481,0.225231452781906,0.225174811797028,0.225232032756305,0.225642794651797,0.22572003307989,0.226247519957879,0.226642430799834,0.227411770595594,0.22791683780593,0.22841986626686,0.228522177746386,23.942,18.2,2.7630285152409,63.275204359673
282,40250.0,0.0723629759631542,0.0680060242284331,0.0610006407523526,0.0563637816491264,0.0534822748132656,0.0514465535779642,0.0495920266020613,0.0485273613144191,0.0469771330493816,0.0449538116100614,0.0438627338030637,0.0416464685712036,0.0398120419657417,0.038534722518974,0.0367056944973838,0.0355041285803615,0.0347308607282845,0.0338226323443738,0.0333967079193919,0.0330287725763974,0.0328627932558162,0.0329560925837217,0.0327633140611879,0.0327674770179613,0.0332048400359265,0.0332462236920627,0.033185138231538,0.0335779672822474,0.033672795292436,0.0332248141104728,0.0329858548805486,0.0327741248729293,0.0323715194888199,0.0322836090549825,0.032647827633607,0.0332445068002764,0.0342114202045653,0.0357884436692125,0.0377738463882679,0.0402221898972822,0.0433714228530908,0.0474886415087235,0.0519712830816237,0.0568869242140609,0.0624469151330776,0.0686575412204086,0.074767532604152,0.0804540981391642,0.0856509425355554,0.0904866546087204,0.0947023023060465,0.098284814994589,0.101391876330993,0.104138366640421,0.1066622644489,0.109019035468164,0.11109887783346,0.112921872856463,0.114526774279748,0.115780882361605,0.116637579374769,0.117315247914384,0.118282387775692,0.119598312672569,0.120740398345788,0.121339410975204,0.121514732836005,0.121660572614994,0.12185330070757,0.121940860922576,0.121799792329971,0.121738298113269,0.121988415810073,0.122565758525071,0.123188099504421,0.123525014642623,0.123660880514944,0.123746007297317,0.123748902830756,0.123397283337996,0.122492624741666,0.121223565512213,0.119992717007234,0.119125133084239,0.118595086955411,0.118233356455335,0.117997076545756,0.11802515139364,0.118350520608375,0.118589840299699,0.118271982279365,0.117232967876606,0.115550957774735,0.113532865217897,0.111440561603698,0.109434566766957,0.107159529195497,0.103939514017241,0.0993712888580853,0.0938427891117289,0.0879671228091026,0.0825794204541777,0.0784674723673462,0.0760736534645324,0.0753371062000183,0.0762215462396601,0.0793775525372278,0.0858384152112239,0.0962321729478047,0.109826149668152,0.124591786114908,0.138690703238136,0.151217028508148,0.161969413031515,0.170697662662062,0.177275587294891,0.182213481170039,0.185838110609185,0.18850280980654,0.190518308169432,0.192144814661297,0.193522923689973,0.194683807863567,0.195626455260608,0.19627509044467,0.19663007636256,0.196855265991418,0.197126141829183,0.197522484714091,0.197917430104154,0.198258290831378,0.198482393725991,0.198576816526028,0.198605291692897,0.198744808535325,0.199047319063317,0.199420974420432,0.199831759251717,0.200177550227358,0.200464014705615,0.200677001863711,0.200866038734139,0.201069046570342,0.201342307495553,0.201747284031131,0.202225534139534,0.20270920957887,0.203159946080635,0.203561587903004,0.203872095513458,0.204067499083475,0.204146421473143,0.204191962885501,0.204193796921074,0.204204744949047,0.20423600487223,0.2042332792168,0.204101073374619,0.203858329304403,0.203287876829235,0.202403218402438,0.201276186595755,0.200285581152457,0.199557264217853,0.199064828478788,0.198700494887188,0.198445423427479,0.198257051609805,0.198073456136645,0.197925664000961,0.197774799730537,0.197612522973795,0.197504074512034,0.197351832655929,0.197193592681379,0.197008785148356,0.196809049858956,0.196605295600605,0.196451207376615,0.196417016084944,0.19654191224007,0.196687948630793,0.196765226003194,0.196667462412854,0.196413788121877,0.196021952155546,0.195302460793287,0.194335863526317,0.193160520373124,0.191955833886511,0.19073949910229,0.189377668478202,0.188051468325518,0.186632754359185,0.185104150508653,0.183491682452674,0.181759492272658,0.17991131688725,0.17786495355316,0.17566162586958,0.173491240081796,0.171262297949067,0.168951341972304,0.166343231505815,0.163565976520736,0.160703461147653,0.157872638259722,0.15557045744795,0.154038612608521,0.153070305312377,0.152392976579113,0.152005383583939,0.151769776547796,0.151571144698845,0.151533954865453,0.151662720544515,0.151880177978091,0.151953648536383,0.152183701380873,0.152504885363017,0.152842351096173,0.153244781852313,0.153645367608011,0.153745151467912,33.711,16.7,2.19469026548673,57.3984125103661
288,24208.0,0.116319993745371,0.110686945699015,0.100658581628879,0.0935532647113107,0.0896263600479831,0.0863826075973307,0.0828821240560405,0.0803642733334584,0.0778466878337434,0.073666598634552,0.0705274924059433,0.0675676021381631,0.06375256023788,0.0611802773424507,0.0588008071062819,0.0562059034992919,0.0548295539631491,0.0534806171001717,0.0526157602278105,0.0518846286825521,0.0515006886983359,0.0515612312999161,0.0513599623947947,0.0509010798155902,0.0509732661040753,0.0512483681334792,0.0507478378094674,0.0505785396337568,0.0505502220154732,0.0497300101095471,0.0488980157987662,0.0483949835529582,0.0479337258268498,0.0477046189434806,0.0480957901556669,0.0490574376655068,0.0504069796235349,0.0524779782966387,0.0553659455393994,0.0586962086289704,0.0627525257462168,0.0681550020198417,0.0746769208973865,0.0816089726547686,0.0891062917281811,0.0978133974029855,0.107142681533929,0.115868106658532,0.123966308617615,0.13169046579678,0.139060034173185,0.145409312040908,0.150842127849193,0.155776020855,0.160378933844504,0.16459317891974,0.16835961984476,0.171728811292539,0.174611343794645,0.176879041233996,0.178463381392219,0.179721547316127,0.181276199408349,0.183151033651411,0.184838861374706,0.185765342762747,0.185997831351617,0.185982398749948,0.186026966850605,0.186094919179411,0.18604480792525,0.185841422733349,0.185843642863817,0.186266909412174,0.186922998483388,0.187536383587476,0.187857712968431,0.187842040765681,0.187607406991049,0.187055922882795,0.186126480548091,0.184674729878715,0.183018579940788,0.181601871766776,0.18069709687354,0.180330399022929,0.180324159899899,0.180451305466026,0.180564798264345,0.18025408623395,0.178827996221294,0.175900718175845,0.171643005550235,0.166605517827642,0.161848047097133,0.158114796212028,0.155126281159077,0.151633778515713,0.146440802418548,0.139295384994554,0.130967567659745,0.123159122183174,0.117286785516179,0.114204672382151,0.113854776416035,0.116036549564926,0.121648298718623,0.132788105291536,0.150660241288902,0.173908156175294,0.199025328249393,0.223141689130634,0.243909142377698,0.260696072198041,0.274322371577626,0.284839962662422,0.292633534583735,0.298327791389385,0.302566687529276,0.305869384085388,0.30842769302784,0.310490687961806,0.31224874831212,0.313893280001612,0.315101658977906,0.315961127658205,0.316682118238241,0.317611604095569,0.31867219090666,0.319817854807729,0.320824682816766,0.321702721680659,0.32254906334682,0.323264004777015,0.323912746288979,0.324697138887104,0.325612500966203,0.32654674884125,0.327463327973981,0.328489896851215,0.32957359157945,0.330632603795117,0.331665429104608,0.332705256103803,0.333800365630202,0.334950786007838,0.336106792486656,0.337088894473833,0.337923368868854,0.338583212366368,0.339060770960588,0.339319035160502,0.339388880155189,0.339299123933126,0.339056964229144,0.338780803683052,0.338351814024573,0.337739436818541,0.336957603139418,0.335803844510161,0.334105126514986,0.332179842849172,0.330417369843691,0.329010799384788,0.327960391596635,0.327143770141823,0.326523161012013,0.32590862464985,0.325341589182623,0.324796756768248,0.324337900696998,0.323962064895091,0.323626379449148,0.323411661336479,0.323126096555489,0.322806921667764,0.32251042524707,0.322270587570759,0.322156304546667,0.322204353737345,0.322449652926409,0.322951256489075,0.32340544291236,0.323605651740938,0.32369226706305,0.323477240262385,0.323026596028446,0.321846880856616,0.320677969476364,0.319363856225331,0.31795416731106,0.316237565003589,0.314431733080146,0.312366722383398,0.310128465950494,0.307529664895486,0.304699447378699,0.301668333442195,0.298215660542072,0.294650723931977,0.291013191374361,0.287369592700146,0.283523401197105,0.279167219986943,0.27433655286718,0.269360756739868,0.26454347878323,0.260658715769254,0.257863545950682,0.256090676082495,0.254893277474713,0.253987498160597,0.253453915804686,0.253076665847455,0.253092637992346,0.253246042566287,0.253716121623515,0.254137372035791,0.254615088092053,0.255315845931241,0.255935856259999,0.256892225792124,0.257798660253724,0.25805566183924,39.1,14.0,3.27731092436975,41.1492606433964
320,26468.5,0.101292112375337,0.0959838220735628,0.087037736498979,0.080608768756084,0.0773058216758636,0.0744048701067128,0.0711941865865355,0.0686762963755806,0.0665916023420478,0.0629037199713069,0.0603617815127053,0.0577224383704255,0.0544365635520519,0.052326796108252,0.0503925110588297,0.048271326989054,0.0470181260559064,0.045844795319026,0.044978668728726,0.0440990266722155,0.0437066033164182,0.0436916504297192,0.0433425008925992,0.0429925805759809,0.0431602531643459,0.0433798206787166,0.043072100841899,0.0429865068974808,0.0430937621314919,0.0424409890529774,0.0417129175406118,0.0413333639859686,0.0409647603881601,0.0407389877344861,0.0410375100812723,0.0417985678829881,0.0428173037779928,0.0443476325800193,0.0464045988741235,0.0487726179557695,0.0515825152515217,0.0554360268665323,0.0599393457048197,0.064656961074898,0.0699084096362665,0.0761653387675658,0.0829810770074593,0.0895561362350272,0.0959436430357101,0.102412114821773,0.109061719174462,0.115106752500464,0.120708683956383,0.126175082291933,0.131618820591651,0.136746939182272,0.141416040609223,0.145733065885871,0.149684048109509,0.153287644750194,0.156550372589792,0.159756288510688,0.163437922931566,0.167451698503513,0.17141760638164,0.174933248542596,0.178149839937039,0.181390924489877,0.184538293680391,0.187416681398944,0.189972753838674,0.192373890741044,0.194950298944236,0.197631574450997,0.20015113793807,0.202321326581173,0.204133857413991,0.205998119263698,0.208045169162674,0.210145059625993,0.212067371097007,0.213637365156316,0.214934445924883,0.216276906185659,0.217652584872708,0.218918892113279,0.220126615299968,0.221331901771745,0.222619940672788,0.223934608198362,0.224907171825941,0.225246895879978,0.225049918302387,0.224730595923433,0.224686760205257,0.225109839306688,0.225769635378928,0.226118505076823,0.225702568352727,0.224649918791887,0.22335102278362,0.222280755299487,0.221824330161504,0.222261596664739,0.22353927150174,0.225680870822843,0.22914989398012,0.234519728969161,0.241451494691774,0.24860495083974,0.25476913238792,0.259603518567932,0.263217138921663,0.265870279825922,0.267926383666392,0.269719560605315,0.271199868338734,0.272382249665541,0.273345121442422,0.274180786798625,0.274829549132965,0.275362788344628,0.275849605667497,0.276415197562875,0.276757362798487,0.276913468994397,0.277095518140165,0.277591041192173,0.278366731687956,0.279285370852645,0.280293333574918,0.281318014988219,0.28234777752027,0.283333808092706,0.284340839231197,0.285428135043067,0.28668529073836,0.287931440527637,0.289222627031901,0.290527095643627,0.291891979229136,0.293189217764677,0.294409920949966,0.295601705150961,0.296881682816541,0.298152661147407,0.299383087015126,0.300464839274107,0.301448743867148,0.302211068946961,0.302768188307457,0.303099088900525,0.303278594703311,0.303326180481134,0.303243715710719,0.303032649740243,0.302746645236629,0.302294638534704,0.301595041321798,0.300531924397671,0.299004083589726,0.297282017222692,0.29573713869541,0.294555529667714,0.293672108988966,0.292977371409997,0.292413835692142,0.291844635131781,0.291413142490151,0.290946807973472,0.290587390619663,0.290238206443763,0.289910451349351,0.289715188497391,0.289529589897389,0.289279115819631,0.289015686607367,0.288722739352559,0.288594946560954,0.288622388664199,0.288920638983283,0.289388340886567,0.289650096269477,0.28979753517145,0.289818586325086,0.289596548931159,0.288983973452665,0.288006243182096,0.286827527323618,0.285653168696358,0.284480100573798,0.282904642835336,0.281301446364856,0.279358025504894,0.27730626673176,0.275036658325074,0.272564609484094,0.269756257448533,0.266654638893226,0.263402795761508,0.260053107248236,0.256674672581702,0.253151788376184,0.249131609428679,0.244760076602607,0.240236224899303,0.235868682850453,0.232517271907713,0.230228543331452,0.228517397603038,0.227446881780434,0.22660436871085,0.226013454292204,0.225759361803441,0.225799141738863,0.225818113774225,0.226073716694382,0.226494268615696,0.226999974116889,0.227609902779955,0.228431239681218,0.229513586359626,0.230293147299284,0.230525583255851,21.061,19.4,7.15058611361587,39.1100197962912
329,30997.0,0.103542682164895,0.0975529795344443,0.0875105267345644,0.0808183314354408,0.0767546175218421,0.0734835811153109,0.0702664893700667,0.0684765042944242,0.0658328401981688,0.0629197494971506,0.0608558373863713,0.0573204281370215,0.0546263479420923,0.0526155027248802,0.0499431990103213,0.0480412780392164,0.0465704036358097,0.045104362677119,0.0442565890339152,0.0434219007898804,0.04303694074119,0.0430442087469727,0.0425081040078353,0.0424182727752296,0.0429933760362872,0.0427900083947804,0.0425580600440701,0.0430088090784529,0.0428502874496142,0.0420359401179779,0.041610017629501,0.0412823758189828,0.0406258740794199,0.0404792692981137,0.0408693243364913,0.0413345014497173,0.0421918012031518,0.043717974246942,0.045454275844302,0.047426720513642,0.0502279833843063,0.0537626848859886,0.0575232536239672,0.0616843906915148,0.0669231630496189,0.0729845058221697,0.0789777397209639,0.0850277587724206,0.0914202903864736,0.0979255768588539,0.103958945315184,0.109497849750733,0.114848115179938,0.120084171603813,0.12504882585377,0.129523697129888,0.133573071885537,0.137258026364508,0.140654414968625,0.143695260500136,0.14655306577046,0.149437328526551,0.152604657776208,0.156031435647756,0.159392107296713,0.162465777370176,0.165421406517404,0.168293126716103,0.171006308600999,0.173432513093945,0.175581338289605,0.177806114761657,0.180116607553625,0.182370220364891,0.184359397914915,0.185933167112347,0.187415228562138,0.189132240641008,0.191079001672913,0.193033291862731,0.194698915486022,0.196119443286015,0.197556244944034,0.199100426950625,0.20053825253361,0.201704121328597,0.202673674088233,0.203668661425326,0.20489161980986,0.206202002154909,0.207179066111337,0.207853406519536,0.208425099301842,0.209203728342383,0.210083218421359,0.210958853319162,0.211647620132886,0.211981816325755,0.212137248029711,0.212461692240602,0.21299201590258,0.213609994150348,0.214414046871738,0.215266947702706,0.216203159290583,0.217492089048397,0.219477679547562,0.222163260268292,0.225201299954705,0.228090531746544,0.230330100307071,0.231972657157283,0.233246962394219,0.234346304788423,0.235471813359251,0.236760257283777,0.237864701741392,0.238739495455716,0.239383909772357,0.239852753636902,0.240318511419651,0.240888345338549,0.241509691102133,0.242067871534973,0.242469228111881,0.242724731105134,0.242989327915848,0.243399031436794,0.244023040128208,0.244768483833512,0.245478878739672,0.246150709080787,0.24673616684221,0.247264955781283,0.247840874003815,0.248549951949504,0.249386926058573,0.250175712002302,0.25091786064002,0.251577282199987,0.25217178005305,0.252757014192727,0.253322587945208,0.253974131534323,0.25475403970327,0.255601244098849,0.256466403543435,0.257295543905372,0.258031750074001,0.258641822149021,0.25911544301485,0.259516967840855,0.259849422840372,0.260193834391323,0.260527022248314,0.260842122046677,0.261141871073312,0.261264174337255,0.261161956439427,0.260735798419113,0.259928874499905,0.258869769000466,0.257977821222363,0.257359450628838,0.257117620923666,0.25699341451466,0.256998038889479,0.256974459954193,0.257049628361481,0.257074593440526,0.257101956885682,0.257088525811149,0.257129741086091,0.257133358782533,0.257071335963611,0.256887133046245,0.256666314800767,0.256312633424796,0.256019206373035,0.255824210634245,0.255832858357004,0.255849414877627,0.255568591927003,0.25513091815094,0.254470843708707,0.253603351733013,0.25243423454725,0.250918017776013,0.249240877934001,0.247544574856498,0.245820412041505,0.244067814628181,0.242224285144502,0.240344613874123,0.238465930398866,0.236434792716767,0.234226867250489,0.231932562132129,0.229449085020506,0.226758686601184,0.224076622278812,0.221413493944163,0.218709534957189,0.215700257880838,0.21243881870922,0.209017117374107,0.205865697299157,0.203388705615604,0.201703376115976,0.20053006167435,0.199865624526334,0.199410426239403,0.199177452309466,0.199057363364576,0.199182436820975,0.199330782021958,0.199751346506819,0.200171984811801,0.200658709570581,0.201216524565678,0.202147392502954,0.202962422482108,0.203816663613477,0.203940502194667,23.903,20.6,5.41275797373358,45.9162125340599
330,29409.5,0.10948208153723,0.102373514476926,0.0906039434360058,0.0830087786972569,0.0783084035618751,0.0747123321153595,0.0713522825274992,0.0693056845775846,0.0663225951808638,0.063231467392991,0.0610150893949863,0.0570939847676843,0.0539591601548287,0.0518851667691023,0.0486557085281274,0.0464695241283098,0.044853299682068,0.0431403930257113,0.0421555998226978,0.0411440419996346,0.0406448674052565,0.040655633205409,0.0401249438560326,0.0399419956195928,0.0404814529677379,0.0402393466458995,0.0398409894689022,0.04028572189955,0.039992444030027,0.0390046882970397,0.0385563277979188,0.0382399327018086,0.0375657183989364,0.0373691894621362,0.037781259578993,0.038262284456267,0.0391121653645515,0.0405367255973403,0.0421108645911862,0.0439614297589678,0.0464945548045906,0.049774159493219,0.0530747867727873,0.0568891187101173,0.0617492231947633,0.0675110724435419,0.0733549577219299,0.079381841305231,0.0857416467424226,0.0924846026120994,0.0988956533514847,0.104898675382584,0.110791870685871,0.116647907829292,0.122225728003399,0.127350116558349,0.131934201822776,0.136035331767356,0.139734558089785,0.143048091412651,0.146193994051958,0.14938357156324,0.152936078211216,0.156736630801393,0.160473254732754,0.163873084701927,0.167136492231276,0.170316939644571,0.1732922375961,0.175936407179661,0.178300015412367,0.180803986737891,0.183429520287652,0.186027604877799,0.188280050596305,0.190005457336808,0.191715722438894,0.193721144102385,0.196040772449592,0.198314369192819,0.200194406587734,0.201796973262451,0.203448926502178,0.205273000992285,0.206913741045878,0.208230347386488,0.209317484691787,0.210516025806789,0.212010839626735,0.213570079764116,0.214857074356722,0.215865610111045,0.21689258067651,0.218147665684541,0.219495026695813,0.22071873904904,0.22153391677862,0.221875169173811,0.222090173732283,0.222607520341939,0.223431350843427,0.224443268436702,0.22548245770738,0.22650208691399,0.22752680313535,0.228873903168684,0.230766308335065,0.23324530904714,0.235985969469679,0.238469242513912,0.240407478588079,0.241808267241954,0.242928994811074,0.244052577874843,0.245504855046245,0.246906315049701,0.248103521018402,0.249066956396758,0.249748593664162,0.25029223811063,0.250861134539742,0.251511249995758,0.252187017836263,0.252871353928389,0.253427066068864,0.253806849979128,0.254200575543169,0.254762629348122,0.25552491151575,0.256410837031895,0.257366154593801,0.258274715622449,0.259126442433331,0.259975941302093,0.260927610303704,0.26199027017118,0.263119255523493,0.264159026481052,0.265109259607178,0.265928469379764,0.266640241642792,0.267267363548061,0.267884591203752,0.268550028130858,0.269351087824661,0.270194241717157,0.271032654874214,0.271822752700536,0.272560629896705,0.273148600842209,0.273579786205466,0.273922210022692,0.274251082262503,0.274610991254099,0.274931101048284,0.275259368651031,0.275537774589081,0.275648563227629,0.275530839515205,0.275069717469172,0.274236477528732,0.273157110891693,0.27221637529686,0.271612397202945,0.271318940637659,0.271210091092569,0.271203881617271,0.271284197668255,0.271326337942619,0.271450102289628,0.27152764739222,0.271630927746232,0.271773435331034,0.271891068882238,0.272016933815779,0.272087601033225,0.272100168283946,0.271969186984339,0.271948449227239,0.271997356861654,0.272320345130595,0.272628111435046,0.272647450738834,0.272373416443071,0.271937188924643,0.271251520821007,0.270090070293227,0.26858129588654,0.266858579391786,0.265064835525606,0.263388907863628,0.261475664851472,0.259547561130854,0.257624834862075,0.255567693314138,0.253460937757208,0.251139607688545,0.248656689207041,0.246048973774331,0.243193709830798,0.240511278232901,0.237695220896861,0.234776286325943,0.231557712311488,0.228146885496133,0.224531728504286,0.221196784483773,0.218489506740785,0.216673376907995,0.215432518528584,0.214632119357259,0.214160999106491,0.213818471839121,0.213687317459703,0.2136207657179,0.213877304169987,0.214313883881066,0.214579439190449,0.215109054273015,0.215742712914678,0.216583329725913,0.217585240073943,0.218474294961761,0.218596626214091,21.703,20.8,4.51584507042254,41.2848531223172
341,38355.0,0.0807996390628123,0.0758404210327457,0.0673958331837026,0.0616647834590178,0.0580297080006607,0.0552757385787945,0.0525846420581639,0.0509824171083763,0.0486046022997134,0.0459391439198465,0.0440964877492762,0.0411817275448918,0.0386788585954823,0.0370164355081977,0.0347281582763822,0.0330377758429189,0.0317964482510785,0.0307099965832432,0.0299697253643217,0.0293223639943253,0.028994367194362,0.0290136209631584,0.0286549600101371,0.0284824517957247,0.028885550520153,0.0287633998692249,0.0284750024309482,0.0287431779701084,0.0286221160956808,0.0279095894299756,0.0275286094683821,0.0272996035831246,0.0268184515958256,0.0266682745055089,0.0269334067377353,0.0272984105628534,0.0279093634588119,0.0290467702065679,0.0303678306830728,0.0318476069749701,0.0339633396393722,0.0366526468549125,0.0395606822411005,0.0427635522560924,0.0467587346293507,0.0514042538363595,0.0559610825446303,0.0605129444772772,0.0653124561966401,0.070143761851814,0.0746514384435771,0.0788270553284338,0.0828775071204749,0.0868779625056344,0.0907392527423975,0.0943117004930247,0.0975893366046099,0.100604835797782,0.103372067819071,0.105834039229412,0.10805963026466,0.110288154429243,0.112755353549052,0.115477349822086,0.118197036584718,0.120638721493579,0.122909517231811,0.125096004078822,0.12721514273425,0.129152256989489,0.130840291508692,0.132514121189002,0.134262664793692,0.13608078136921,0.137778923912092,0.139150603998423,0.140340073120343,0.141639432757433,0.143139786850429,0.144642266390348,0.145902278489885,0.146884839805998,0.147861679797304,0.148972845498269,0.150084402075015,0.151059854321845,0.151850331726803,0.152653364280203,0.153615547280012,0.154635496921739,0.155357038620511,0.155706095222682,0.155840399547905,0.156040928064593,0.156368876469057,0.156786850580645,0.157070987655179,0.156954403050922,0.156375450272228,0.155576988361352,0.154756231522982,0.154038392503616,0.153665701491082,0.153722972667496,0.154260850934321,0.155437777723524,0.157728482623461,0.161330180603416,0.165902309585506,0.170599241384508,0.174576161308167,0.177601850611957,0.179867136742246,0.181621603064831,0.183081888957162,0.184540119523271,0.185723945538623,0.186605959486217,0.187214239794699,0.187623738903489,0.187949844133419,0.188319254657706,0.188701332966414,0.189053375723022,0.189276776087907,0.189364638011466,0.189449363851714,0.189679186208535,0.190078758217754,0.190570319641665,0.19107847538901,0.191571064539763,0.1920457029891,0.192486756262731,0.192985409897987,0.193625210675016,0.194356231009633,0.195117445809675,0.195866573372804,0.196557224661856,0.197175613847071,0.197715409274095,0.198256120616157,0.198859202195604,0.19953097475749,0.200252446494057,0.200990529652477,0.201696294712368,0.202332072091256,0.20287068246954,0.203311867392958,0.203638634675219,0.203883149892131,0.204123963796183,0.204338847753124,0.204569687250619,0.204702206186752,0.204751735452673,0.204651478458398,0.204258608247948,0.203531145343211,0.202590200181906,0.201786993937764,0.201219467494113,0.200847907888662,0.200665855777165,0.200485213307242,0.200331087675076,0.200210716538868,0.200114233235593,0.200030230427755,0.199906260630616,0.199815814775512,0.199705434996075,0.199575269164057,0.199382628312083,0.199129183739754,0.19888789434278,0.198657014173366,0.198558005419045,0.198617091530919,0.198721386110916,0.198719168962189,0.198570614034716,0.198309502010889,0.197927429840187,0.19725129323996,0.196302023594234,0.195241733835096,0.194144557973229,0.192957063708325,0.191752005023577,0.19046250029612,0.189130613414745,0.18773002359025,0.186194575260191,0.184523081553708,0.182714683088678,0.180741584215862,0.178696094847789,0.176602089249686,0.174514987246566,0.172267833354538,0.169831901368996,0.167234005001085,0.164449698672957,0.161860585342961,0.159796429098355,0.158366640882662,0.157423608307527,0.156937991160539,0.156599648000725,0.15641501480164,0.156309395272061,0.156324697038393,0.156493075300222,0.156811989742285,0.157147024276682,0.157513226188655,0.158109705380155,0.158706081606387,0.15939163218678,0.160082441583235,0.160159619745072,18.5,19.4,4.68045112781955,42.562647965337
346,30137.0,0.102907289718495,0.0967802571630506,0.0865203430234977,0.0795616020705738,0.0751419884132829,0.071954276349046,0.069183356096632,0.0674724548482007,0.0649694251340027,0.0620971986390507,0.060450337032385,0.0571447762217692,0.0544797026694945,0.0526552476752808,0.0501917614881331,0.0483779634965804,0.0471009515529271,0.0457658225640937,0.044933207179153,0.0441272504361429,0.0437435515301809,0.0438276965802063,0.0434741587575407,0.0433830601201368,0.044038693507768,0.0441462610850987,0.0440245622605397,0.0445562833533371,0.0445959788047053,0.0438112169843711,0.0433192748944683,0.0429815120026486,0.0423478435897819,0.0422054693725861,0.0426665283132358,0.0433752204365394,0.0445449565064395,0.0464036540937879,0.0486997879579504,0.0513942846059347,0.0548855713806846,0.0593692716552296,0.0640363155076328,0.0691256300490147,0.0749683897783223,0.0815060061360386,0.0878230157181653,0.093888798196996,0.099760030985102,0.105512939191148,0.110804859644057,0.115632051548992,0.120185495896418,0.12459298294122,0.128834398623849,0.132789829635363,0.13632327742508,0.139463431767638,0.142280464399035,0.144698859092366,0.14690072023036,0.149231696706513,0.152130982390925,0.155626196241725,0.159217272235514,0.162417634696147,0.165330398821607,0.168128722262302,0.170816714403088,0.173216416613119,0.175259562031682,0.177333050891809,0.179578632659914,0.181949173254889,0.184137741990303,0.185829352086612,0.187294491148746,0.18887755434138,0.190599951315478,0.192207593770176,0.193338142584597,0.194087212706372,0.194835963942851,0.195877747194979,0.196976938106212,0.197904231621289,0.198687629683066,0.199573329277023,0.200813280913576,0.202188684772259,0.203259024445459,0.203965175640801,0.204421129906685,0.204838541702642,0.205108893431634,0.205142752460589,0.204504341095199,0.202804085473475,0.200012123824893,0.196539223871591,0.19269686677371,0.189018190473835,0.186261739905774,0.184978202952131,0.185252922954095,0.187059954328749,0.190949535317481,0.197601852644617,0.206687317917196,0.216309890530961,0.224458560752117,0.230362097985073,0.234458994277752,0.237453776081057,0.240078737177038,0.242205662720212,0.243824840550751,0.244999520665105,0.245754517358027,0.246242287014742,0.246668280508192,0.247068001127306,0.247457069958539,0.247824391458959,0.247995686453138,0.247946024098819,0.247943989653934,0.248130075800085,0.248558781496561,0.249165545044613,0.249824922693563,0.250442048269113,0.251018884246627,0.251591792848083,0.252282482275961,0.253142446236813,0.254058111197404,0.255022722977432,0.255889399863264,0.256659690021105,0.257332099829109,0.257896977247749,0.258456020297519,0.259063429938952,0.259762207746223,0.260570046313411,0.261374576995115,0.262161278996042,0.262807252952566,0.263325982982755,0.263723583427448,0.263950242697993,0.264117834756068,0.264239427347088,0.264367442386022,0.264487977895551,0.264532732755513,0.264444363665918,0.264090321098928,0.26343593409639,0.262254326664124,0.260832671904219,0.259568656749525,0.258646874020054,0.258024799772786,0.257574673869708,0.257312132602489,0.257089413042177,0.256890730371928,0.256699717940096,0.256549171457968,0.256397234990425,0.256278406468766,0.256183879230261,0.256080425373914,0.255924399430073,0.255731064816678,0.255548008487314,0.255407781663358,0.255424653344148,0.25560166488493,0.255847840684939,0.255881751082905,0.255686979324866,0.255367443603372,0.254927421011185,0.25395576364043,0.252692799148252,0.251180005985713,0.249647111838948,0.247961997045578,0.24619848448906,0.244378379426907,0.24252533862904,0.240483989411304,0.238308225312119,0.235898608953397,0.233292716893567,0.230426048362268,0.227374506987911,0.224470546669195,0.221434118354762,0.218281680390461,0.214711645742839,0.210933346683415,0.206914700731423,0.203150970776012,0.20006972248603,0.197921419088376,0.19659484077678,0.195689696543844,0.195168765360889,0.194793413722301,0.194627246068233,0.194451413196355,0.194651555247819,0.195015726565038,0.195317662764642,0.195922969736925,0.196496489916394,0.197289975678461,0.198118664265047,0.199039351351321,0.199219463771935,21.425,19.8,4.27716849451645,31.1779501152798
363,27685.5,0.113764021316009,0.107045217677443,0.0953095869736103,0.0873714340633754,0.0823142662824626,0.0784755924634189,0.0749210991554634,0.0727394188466383,0.0696109748362759,0.0658940397008217,0.0633944730035253,0.0594048469311411,0.0558994101979665,0.0535545852067353,0.0503528593620183,0.0479088566953337,0.046317478282728,0.0447216652842625,0.0436678696393707,0.0427409994128339,0.0422119477055903,0.042246673307975,0.0416577510346259,0.0413006762768631,0.0418304382076322,0.0417500620886547,0.0413347313245547,0.0417169720584174,0.0416149859543079,0.0405729492346173,0.0399204325261347,0.0394772007132369,0.0387337096243366,0.038408667526528,0.0387837785324878,0.0393688565946815,0.0404412636242876,0.0422367472175523,0.044480419985552,0.0471118251127754,0.0507458419459196,0.055505384594018,0.0605419352341869,0.0661051626095075,0.0727193701785167,0.0802840647656199,0.0877800065995751,0.0946962785799191,0.101453633341092,0.1081594048659,0.114248025972733,0.119734953024956,0.124846346493273,0.129826632036406,0.134588213548354,0.139018215647417,0.142971385026362,0.146524988585607,0.149647337316051,0.152325750192127,0.154742692092008,0.157270912955784,0.160382091843261,0.164113311080883,0.167915070623464,0.171289694958946,0.174296931144514,0.177193789675704,0.179950720697505,0.182443688268329,0.184644615693359,0.186816033250569,0.189177965407218,0.191671766129433,0.194061227448673,0.196005962784992,0.197640500061347,0.199323632789042,0.201070957962509,0.202648639171495,0.203839980446997,0.204591468724941,0.205277335868541,0.206193132883843,0.207320140660943,0.208338689863113,0.209244977891553,0.210358796228334,0.211831955626483,0.213419662688188,0.214744106486147,0.215601518554088,0.216068897661234,0.216354784276279,0.216432722521079,0.216223860414141,0.215336019808147,0.213223396631524,0.20969845732283,0.20503266795829,0.199952352412116,0.195233689263211,0.191783528406872,0.190208397200064,0.190490319642138,0.192513540568198,0.196918613161728,0.204612343450955,0.215474193366294,0.227593457402049,0.238358421986857,0.246522217281215,0.252477351973926,0.256957059221548,0.260449133674853,0.263089222274837,0.265143228641068,0.266638414508868,0.267689423525897,0.268468198200177,0.269154887758847,0.269786401999037,0.270495679062243,0.27116604287765,0.2716094331547,0.271849754314364,0.272122105419484,0.272633371450332,0.273383425262726,0.274340290406475,0.275316465684535,0.276178520125948,0.277013219024056,0.277871947820507,0.278845252385353,0.279950009973028,0.28113748864585,0.282421310093198,0.283675443637812,0.284872745750589,0.285968785104092,0.286948862666246,0.287829219813235,0.288689124834372,0.289637380580933,0.290534854733824,0.291442456847066,0.292251651313187,0.292902642262925,0.293433303521385,0.293833044311846,0.294019374876441,0.294136011611755,0.294146452678819,0.294155900042449,0.294160103627988,0.294070082512549,0.29384893070881,0.293360737691436,0.292530699219821,0.291275542563233,0.289687225752667,0.288302693833763,0.287266916983343,0.286570740849444,0.28613264281538,0.285779307305936,0.28551050643957,0.285246685496537,0.285072569327988,0.284891383656309,0.284785071340036,0.284757208953392,0.284662560027487,0.284664482671163,0.284666189666973,0.284547759069351,0.284415289856923,0.284419699224838,0.284578261257594,0.28495997585391,0.285461496855258,0.285780540112337,0.285943562678306,0.285831963618596,0.28555196831896,0.284855648461012,0.283755368822213,0.282416921310846,0.280932407406754,0.279296819861496,0.27746445730796,0.275610677933936,0.273590739134547,0.271432217168282,0.269018903097265,0.266491397429017,0.263713097115177,0.260597333446283,0.257451052712078,0.254178782092387,0.251030150770869,0.247575901759317,0.243890921821512,0.239820106182664,0.235618622812033,0.231702860779811,0.228464719700245,0.226114933189548,0.22471975598736,0.223715640068593,0.223059865954256,0.222666021168441,0.222453859812526,0.222365877778564,0.222429815027881,0.222769855842087,0.223085255810186,0.22357112857058,0.224379814729767,0.225135406160071,0.225984459796711,0.226713887481428,0.226905918199395,13.781,19.6,7.64044943820225,36.5537258618647
368,28323.0,0.109316138820735,0.103606049541704,0.0941123529582764,0.087360755058927,0.083507466786254,0.0803872347386674,0.0772967966188459,0.0748509411369977,0.072117535956511,0.0686949996701701,0.0660793737906906,0.0629502493038231,0.0594104428159711,0.0572768412558593,0.0548209989018594,0.0524506597020535,0.0509747852460958,0.0495763339618177,0.0485750980325787,0.0476150068874828,0.0470506665720887,0.0470506114332531,0.046619394020177,0.0462949545924837,0.0465732026691597,0.0468222859532571,0.0464875991554212,0.0465583871998658,0.0466766687213887,0.0459113898962313,0.0451560676846301,0.0446983192046803,0.0442259437473241,0.0438870302845197,0.0442230665908779,0.0449991968390116,0.0460697753000932,0.0478473771685739,0.0501791004657203,0.0528015892313854,0.0561258740095287,0.0606062788951953,0.0657937319895127,0.0711742531940522,0.0772384253443184,0.0842955898113985,0.0917080630073487,0.0985990777378155,0.105309236756251,0.112047732512522,0.118577094647078,0.124415165347937,0.12976895641157,0.134953284947371,0.140045010754514,0.144794791280328,0.149050130907708,0.152940870162041,0.156472691331093,0.159638745829816,0.162535766087569,0.165431083496392,0.168785185784637,0.172518552772155,0.176258824127789,0.179682902566066,0.182816102621862,0.185862646337322,0.188807072618898,0.191519882184533,0.193879266587783,0.196124530430088,0.19852707005846,0.200937684726262,0.203232876332663,0.205205852319757,0.206887612973495,0.20859549545207,0.210458699734389,0.212360728766334,0.214079687306571,0.215526028514017,0.216782732140641,0.218073302170176,0.219437723854623,0.220709011341712,0.221875561426714,0.223028589634099,0.224238716440247,0.225560537004577,0.22672122694945,0.227475910070299,0.227925917000515,0.228345674628735,0.228931559402923,0.229694006963667,0.230414537496902,0.230719246325671,0.230396548535781,0.229672615150087,0.228817468590268,0.228251294593057,0.228131113406661,0.22858261134444,0.229491083136828,0.230994825983441,0.233337892462471,0.236843303697044,0.241303580266731,0.245922544021438,0.249847157036311,0.252922254409661,0.255296938349726,0.257165953935812,0.258755424999315,0.260162115721968,0.261375483686866,0.262396830123957,0.263281072002747,0.264037236250167,0.264631152014813,0.265137494124436,0.265690991964597,0.266350931200876,0.26675284814007,0.266989116683185,0.267255902479645,0.267764259393473,0.268602486633379,0.269575840266983,0.270636149419272,0.27164997203757,0.272650872375019,0.273715306544417,0.274756178898536,0.275871922502172,0.277013982571136,0.278249883081482,0.279471933675768,0.280670951207436,0.281821327662592,0.283021620681641,0.284147679784553,0.285262604049397,0.286310037565009,0.287428170424737,0.28850006988064,0.289478783937132,0.290277543963296,0.290945035351263,0.291483103659092,0.29183384895125,0.291957570138704,0.292033646015054,0.292023235374329,0.291940889823601,0.291746860452298,0.291417136056974,0.290893274962485,0.29004886688946,0.288784561296487,0.287356604426181,0.286034063710413,0.285051405361977,0.284259518031915,0.283765402567592,0.283372191935395,0.283075995362422,0.282707620124381,0.282471662762788,0.282282187004736,0.282186362404164,0.282060021057355,0.281996966775222,0.281936834535572,0.281851736925729,0.281736062164168,0.281568785464605,0.28156398026808,0.281699300418332,0.28215293974488,0.282571495298848,0.282913284028468,0.283004804476274,0.282983610639871,0.282859286297371,0.282337583423609,0.281296454652559,0.280158904415732,0.278909579114853,0.277566892800046,0.275985599841209,0.27439291166609,0.272630318245599,0.270707506109563,0.268550118034915,0.266278172991406,0.263799483262669,0.260954195831504,0.257999365557003,0.254988506225715,0.251989038792288,0.248889349567384,0.245256089097779,0.241466816390235,0.237487445739963,0.233678787110002,0.230436574215167,0.228106769275111,0.226636955945928,0.225658849505569,0.224841688496591,0.224374695165177,0.224149714485522,0.223971948672594,0.224063644168756,0.224286852932379,0.224545890826866,0.225103790013415,0.225619495353722,0.226400034636435,0.227275115644882,0.227921223005474,0.228043175284842,14.496,20.4,5.40462427745665,39.8913667001291
385,28862.5,0.107150287074493,0.10100394485859,0.091128670944285,0.0844505985294282,0.0801041544858362,0.0767955865533593,0.0733223871728503,0.0711886974771244,0.0684069256201976,0.0652601953381436,0.0631470086098371,0.0596824140155898,0.0568245125871499,0.0550036936653501,0.0525733312627796,0.0507697944618953,0.0496619485509711,0.0485047644955632,0.0476855134283126,0.0470037286360523,0.0465731954066562,0.0466279571195554,0.0462034083232375,0.0461554155688469,0.0467454698881342,0.0467183022846076,0.0463930506954132,0.0466924723908512,0.0465874907572537,0.045674206702093,0.0450353186068055,0.0446224400111185,0.0440067853073872,0.0438057392230378,0.0442520910925196,0.0449829899134554,0.0460841978084658,0.0478951234835878,0.0500621791423953,0.0525418072472995,0.0558689169669554,0.060036035306488,0.0645165546364004,0.0693444758611735,0.0751335476473406,0.081794312275063,0.0882959828400991,0.0945255350397353,0.10096234562226,0.107328467862975,0.113188062737842,0.118467281078661,0.123422347935377,0.128299772792801,0.132947065931465,0.137210738684518,0.141080432498805,0.144643756939074,0.147909403899141,0.150864217360787,0.153666769364871,0.156571934127228,0.15989509548543,0.163571820234114,0.167287995555191,0.170691689963137,0.173936137159111,0.17711727356091,0.180186225998346,0.182995034685237,0.185515560179136,0.188008400932175,0.190590122583686,0.19320472929757,0.195579365937387,0.197558494074554,0.199385777824074,0.201322664724173,0.203435897333476,0.205533096858239,0.207341781103387,0.208821478738522,0.210257059394097,0.21179348495877,0.213298003692464,0.214612531321736,0.215715672326458,0.216808751554056,0.21803065814934,0.219230995170995,0.219983632047405,0.22015997846038,0.219989823980516,0.219845984664503,0.219989401938315,0.220400664735517,0.220818993113078,0.220762426310333,0.220102061051894,0.219105336129596,0.218130558176084,0.217416274219666,0.217104441976934,0.217332479334859,0.218213648233994,0.219982747865336,0.223155349896112,0.228090145996216,0.23424017844039,0.240536811959416,0.245922186654224,0.250066492027755,0.253284124535673,0.255727808462419,0.257730908328246,0.259617872378435,0.261298120250948,0.262551276939752,0.263432249955213,0.26407450576241,0.264650383837645,0.265280391856061,0.265911903880516,0.266425715065386,0.266762269582991,0.266942684962534,0.267135432062687,0.267512534837438,0.268099345046401,0.268795434664231,0.269482594903044,0.270151931910943,0.270851193681544,0.271547036665867,0.27228181276792,0.273196800067917,0.274259540398861,0.275374026244604,0.276430469755959,0.277336253605432,0.278159185677875,0.278824036993973,0.279471180108131,0.280196209916258,0.28102381583768,0.281935963186004,0.282853282954639,0.283693880436257,0.284471336072276,0.285151657240408,0.285670071627344,0.286049531878323,0.286361976843485,0.286623605023555,0.286887958341603,0.287172403172701,0.287368257328307,0.287387542007184,0.287232875410394,0.28674047664501,0.285755604777892,0.284513541783991,0.283403106226176,0.282588577344604,0.282137058859241,0.281828917072999,0.28156381493067,0.281311990187129,0.281073422215641,0.280934830180958,0.280779060839195,0.280607041495751,0.280444606227165,0.280272040100019,0.280062332089379,0.279810817754404,0.279506304239181,0.279138883037187,0.278904940502322,0.278820568184868,0.278988567561118,0.279197839931136,0.279274366054206,0.279127994262065,0.278824143299171,0.278271854690145,0.277299196498117,0.275943510896697,0.274460651665375,0.272866028399984,0.271275418238464,0.269505537496958,0.267773970640344,0.265864690757354,0.263952619563264,0.261861335126189,0.259526062450661,0.257055160041741,0.254359425281745,0.251564098954595,0.248819873547723,0.245998357183784,0.243060892384382,0.239818319197498,0.236287070893229,0.232554023893693,0.229061737455354,0.226354442789119,0.224434556155759,0.223169752396185,0.222460874705397,0.221877614713432,0.221542457941371,0.221347599877623,0.221316842724081,0.22148416658071,0.221812703561707,0.22219211600264,0.222576401045722,0.22314598951496,0.223565912097285,0.224331925217634,0.224848948230031,0.224937972296604,20.805,19.7,4.69670710571924,36.3954846243674
388,28127.0,0.108270850141952,0.102077482101667,0.0921336549871824,0.0854749596077457,0.0808756617198074,0.0777467314610316,0.074418122451186,0.0718818727040525,0.0692046338143042,0.0656126817786982,0.0628726838797005,0.0596360744420796,0.0560305103819309,0.0538036058294397,0.0509952453233618,0.0486345126549148,0.0472500390753787,0.04584760019589,0.0448685883989809,0.0441565581147912,0.04362748233321,0.0437051951533674,0.0432874433549193,0.042825657347601,0.0432392905703213,0.0432708395544783,0.0427819437403241,0.0429151235854059,0.0429179930294418,0.0420181646356028,0.0412902153226208,0.0408875975119639,0.040355096678787,0.0400170187390965,0.0403411755348462,0.041002222956981,0.0419577538427579,0.0436380122159053,0.0457503915209825,0.0481594400310756,0.0513497206973605,0.0556560872885642,0.0603753438476359,0.0653372353973553,0.0710900624222009,0.0778083616537573,0.0845929144895485,0.0908880693943153,0.0969382185382306,0.102966214355656,0.108628741299086,0.113547698823106,0.118074318484414,0.122464853580506,0.126698261588647,0.13055981593003,0.134064420206825,0.137228880000749,0.140031261263071,0.142391028733076,0.144502574663768,0.146624510713618,0.149259891460368,0.152425982673421,0.155601007451936,0.158359194646506,0.160741083189165,0.162981939809525,0.165092806155037,0.167042815534524,0.168691504908095,0.170273162131359,0.172090815038766,0.174019791247303,0.175920609736323,0.177565178751082,0.178855745119292,0.180076519313395,0.181255684886959,0.182254780898093,0.182868764905956,0.183125237255931,0.183261200523863,0.183612079698526,0.184197137392806,0.184880686343497,0.185593261570993,0.1864425060902,0.187507491979432,0.188643683287075,0.189483485128474,0.189743237119918,0.189476269592595,0.188878927006316,0.188127006167431,0.187253350722941,0.185960435032308,0.183564756865488,0.179668580884277,0.174510051279417,0.168715508071716,0.163325155931077,0.159388521997281,0.157614226209203,0.157891142561661,0.16007185049476,0.164732472780717,0.173054924906576,0.185124432986395,0.198990677932634,0.211795450452211,0.22207576960946,0.229896963562654,0.235625732674259,0.239855979686116,0.242983145626084,0.245405359729295,0.247200852951839,0.248613843052406,0.249681933567388,0.250600332128075,0.251457252623281,0.252298821183153,0.253050629415517,0.253755248156126,0.254276503451611,0.254786175307908,0.255375062434899,0.256288834827671,0.257363984123847,0.258428032012388,0.259348679059558,0.260208668217626,0.261104838373403,0.262033798966932,0.263052827933288,0.264128848418484,0.265297578002742,0.266489142987523,0.267651662050707,0.268718471403587,0.269776063405265,0.270793498235258,0.271779103331814,0.272782749675757,0.273809995090901,0.274809195970745,0.275738408380397,0.276530849780422,0.277134727773957,0.277618455192252,0.277931151589065,0.278089094016415,0.278147470100222,0.278165270474406,0.278154166484416,0.278092224632368,0.277827504175058,0.277404246293732,0.276635007876925,0.275544401867433,0.274144674723723,0.272873215475269,0.271880803937026,0.271239192393745,0.270781008508858,0.270463814090459,0.270145034478277,0.269847116588729,0.269653507699952,0.269487758182169,0.269301194926418,0.269195236775966,0.269068234425854,0.268999016550682,0.268930345314722,0.268908529441796,0.268772414853605,0.268680663982659,0.268805889067003,0.269237557363898,0.269631374563239,0.269954215739345,0.270094591361796,0.270020216899458,0.269858053774817,0.269195733665325,0.268240277012561,0.26714332294685,0.265887013598937,0.264504406313805,0.262979913364304,0.261466681902587,0.259723366024465,0.257851681124447,0.255661188095853,0.25339813805953,0.250742612467658,0.247927074768503,0.245015007693703,0.241984064459794,0.238984874710693,0.235814853362921,0.2322764120943,0.228400479616369,0.224353411497593,0.220422486882534,0.217256985389106,0.21491825875781,0.21342988146019,0.212447704564636,0.211710054005116,0.211313760486862,0.210934527173157,0.210713747974098,0.210920476663149,0.211280990873366,0.211567422818156,0.212219920484276,0.212837017673485,0.213638540830655,0.214518016349427,0.21519769050398,0.215420915021953,18.516,20.4,4.39613526570048,41.5168995304076
389,28520.5,0.108652900847238,0.101997318635985,0.0914057273475126,0.0843764201955794,0.0795160548866347,0.0758828862755336,0.0721992179288304,0.0697038372194922,0.0664690172412483,0.0628996959086203,0.0604258452946998,0.0565030764183101,0.0531041998066738,0.0507499759574423,0.0478031945327747,0.0455951357699641,0.0440132361276623,0.0425623864153483,0.0415677810062805,0.0407427393341177,0.0402721824190704,0.0402731693197426,0.0396633962092859,0.0394662295574791,0.0399472492036373,0.0397341276047262,0.039234332197183,0.0394852373682007,0.0393019098402542,0.0382718290919009,0.0376486740417173,0.0372340613836917,0.0365333000172042,0.0362310391855237,0.0365757816054024,0.0370725559916504,0.0379366874410195,0.0395030873248323,0.0413692417173323,0.0435371964485617,0.0466634236810941,0.0506534209479884,0.0549904322707724,0.0597309775553925,0.0655962943114563,0.0723706350709458,0.078953956724874,0.0852969294770316,0.0918787753537495,0.0983911278916617,0.104337174323241,0.109701700669158,0.114834221736213,0.119904047875823,0.124731677385477,0.129199739289846,0.133292909402441,0.137084394081404,0.140576948343023,0.143680693901827,0.146584448748285,0.149568563207869,0.15294821496397,0.156670403352504,0.160404517140034,0.16377885012249,0.166861206280461,0.169841877359658,0.172721891253825,0.175336104344141,0.177691949918818,0.179988018993742,0.182374342425325,0.184830520822522,0.187102929782164,0.189009022795941,0.190715335532066,0.192451368524373,0.194321723416445,0.196109167071057,0.197555619913619,0.198662375490147,0.199715147688187,0.200939343107402,0.202214352469264,0.203345256951571,0.204310510659331,0.205330126070564,0.206515311098611,0.20770805620102,0.20844483186535,0.208564593987036,0.208257985505541,0.207862493685645,0.207644687359869,0.207582485346214,0.207337984880791,0.206307216565344,0.204264463467571,0.201497838138739,0.198499065024976,0.195851922232178,0.194026003422606,0.193397327201616,0.194105236171501,0.196307694652089,0.200646920882673,0.207751257764864,0.216975197382943,0.226577858860933,0.234837214589621,0.241142309513134,0.245889059996325,0.249374179197025,0.252114317448774,0.25452770962433,0.25658833885936,0.258098603421097,0.259178568195998,0.259986463117985,0.260731530701352,0.261538991899375,0.262348382161562,0.263069787631047,0.263600001686735,0.263979114458085,0.264344811419855,0.264882862298321,0.265612906415386,0.266435386026552,0.267215463840261,0.267961913640835,0.268719656852041,0.269459671206422,0.270197222153172,0.271157419890898,0.272212323794041,0.27331210058977,0.274351926655336,0.275263259635835,0.276064844282729,0.276716696526974,0.277389297290989,0.278087366080389,0.278923698341279,0.27983668743724,0.280759926706953,0.281599796587183,0.282389748928184,0.283064119997438,0.283596436425503,0.283999796408819,0.284328903911787,0.284620447369705,0.284881795693888,0.285165813239994,0.28539301136299,0.285458058874707,0.285333618735245,0.284844428871105,0.283937115937628,0.282739984192996,0.281677405019954,0.280963675441079,0.280543154934115,0.280336378353578,0.28010581464737,0.279948888354059,0.279775650485437,0.279698500408486,0.279578391519482,0.279463404364613,0.279386012887007,0.279250930409809,0.279068286732431,0.278896200817387,0.278606615436537,0.278285380108917,0.278096634128585,0.278005959539784,0.278135190645376,0.278363496911481,0.278477388906772,0.2782809846532,0.27788691462121,0.277277527814278,0.276314246425972,0.27494034049161,0.273406165040147,0.271797828740603,0.270167774237306,0.268385358779144,0.266573751566369,0.264660287442786,0.262604457313766,0.260444764383792,0.258059999930463,0.255522167497917,0.252751163530576,0.249882464691667,0.247076823710203,0.244116909734022,0.241085828524788,0.237765005751501,0.234158585308201,0.230309822110117,0.226753636822794,0.223901078256496,0.222008388590587,0.220693565592183,0.220071090791016,0.219624670139233,0.219255752878491,0.219114635853825,0.219184687409872,0.219355341360056,0.219835735870093,0.220386439487943,0.220825689327488,0.221501529292551,0.222232488018953,0.223214136791405,0.224084300044226,0.224239390661366,21.15,17.7,5.14851485148515,35.5875510333403
391,40835.5,0.0745815326651606,0.070187578403744,0.0627031538479317,0.0574820228428252,0.054053610414524,0.0515234490783472,0.0492445647019025,0.0478667747107282,0.0459115978104442,0.0435064114277234,0.0419767635267395,0.0393495239052618,0.0371951906807541,0.0357044247118952,0.0335245642346956,0.0320257005421683,0.031013669859897,0.0299617728617504,0.0292444292391798,0.0286350017573499,0.028325207354862,0.0283680730991988,0.027994457953596,0.0278759294179744,0.0282469038773496,0.0281748559133143,0.027959686800532,0.02820837701178,0.0281152641243556,0.027417788884176,0.0270456214740154,0.0267686141413306,0.0262596868240601,0.0261111033380185,0.0264169776316602,0.0268308270731941,0.0275667331875995,0.0287948188987177,0.0302510160473189,0.0319718702867326,0.0343780329981377,0.0374907323936522,0.040737072361667,0.0443966837832159,0.0487722722030037,0.0537986414983589,0.0587752189661388,0.0634176396237955,0.0680006334168542,0.0725399814181499,0.0766401586678943,0.0803289923889446,0.0837843956303097,0.0871376402440979,0.0903216068616628,0.0933236647147207,0.0959453433386917,0.098281461861908,0.100377642148872,0.102163135943558,0.103795467863251,0.105438059606681,0.107457085516271,0.109856652668612,0.112255035520967,0.114354459059275,0.116201943161441,0.117990451099857,0.119718131726388,0.121283870239887,0.12263424360403,0.123985907855256,0.125468285120626,0.127033468433223,0.128530295304265,0.129692065305171,0.130720260195228,0.131777339469175,0.132895610559415,0.133927783291428,0.134636958670874,0.13507068109475,0.135473877039271,0.136077300207155,0.136753919151813,0.137350720020523,0.137876117936398,0.138530011423454,0.139409150833286,0.14032068119167,0.140989342886143,0.141309111506777,0.141341300033177,0.141292610549044,0.141193896281026,0.1409978377658,0.140419944527126,0.139108231381748,0.13697127585661,0.134201278461256,0.131199316207169,0.128435198306165,0.126422436484829,0.125523408952292,0.125722198130545,0.127083559358604,0.129960915855025,0.135008474928832,0.141942354443847,0.149553181636834,0.156396604381489,0.161756924629283,0.165779866256653,0.168902363251626,0.171403585865523,0.173317843744527,0.174762630098892,0.175794994410678,0.176476384806806,0.17698012921594,0.177392071199387,0.177770512761291,0.178152634372352,0.178504056629788,0.178745118779017,0.178861530375347,0.1789561241056,0.179187061515451,0.179592830678944,0.180101338493705,0.180632366563485,0.18113010986431,0.181557340937202,0.1820186476787,0.182570851391035,0.183237424811882,0.183971634827087,0.184749557891251,0.185519440875585,0.186222320612375,0.186875170820349,0.18744089353035,0.187985583522585,0.188514245486158,0.189104189832298,0.189690796417029,0.190299022789607,0.190839973521698,0.191310219356955,0.191672791362034,0.191922550743968,0.192070389953861,0.192145037843487,0.192184071408374,0.192217188327485,0.19227386675324,0.192250552190197,0.192155786177016,0.191898605030228,0.191402037789263,0.190603326157182,0.189616375335975,0.188734700119789,0.188107196185869,0.187699021768032,0.187438620603212,0.18720946371626,0.187044998120167,0.186912511536619,0.186772294747469,0.1866636558257,0.1865680700288,0.186496851032867,0.186397540778971,0.186349111353216,0.186249267892681,0.186172131262718,0.186083571863201,0.18603893962385,0.186120855984059,0.186331588106159,0.186611969006922,0.186833678798269,0.186857788991693,0.186799903011409,0.186538517856676,0.186022745404435,0.185268892807101,0.184356288154892,0.183368117230543,0.182333305071007,0.181207179842985,0.179997463294538,0.178687368550419,0.177256529652728,0.175672098649354,0.17398755523982,0.172160194728223,0.170194696989542,0.168109085483444,0.165998328244982,0.163886842240597,0.161638942334586,0.159187932681391,0.156535857452208,0.153761413182471,0.151219311984918,0.149034875008929,0.147628300775174,0.146713033072099,0.146196815868147,0.145829441738278,0.145511151838658,0.145369273325,0.145342388216342,0.145451885668077,0.145694332042604,0.145988879301126,0.146337554505324,0.146746222537462,0.147298988110498,0.147950915441091,0.148430866691396,0.1484840620937,23.772,17.2,4.76793248945148,34.3088101725704
393,27674.5,0.111680932336255,0.105169046725608,0.0945435362595086,0.0875230517544053,0.0826606443451205,0.0790175498961113,0.0750538352739255,0.0725834185297103,0.069369068571992,0.0656848545212136,0.0629055491014279,0.0591371273431634,0.0555843619856268,0.053057286602597,0.0499589379023189,0.0476721655541341,0.0461126243743355,0.0446181839606928,0.0436122354435057,0.0428265109487395,0.0422953305363474,0.0423416058528379,0.0416687416375466,0.0413220369786828,0.0416528053783832,0.0413324095518098,0.0407630570479178,0.0409211763676637,0.0406981044746643,0.0396870384694729,0.0390807585566526,0.0386347423791853,0.0378960511518772,0.0374566744998367,0.0376235337209378,0.0379291831471372,0.0385753027511262,0.0399086043255969,0.0415112157734335,0.0433980850136655,0.0462771997959467,0.049983966150824,0.0540284954021841,0.058547229200009,0.0641550294710598,0.0706828270407947,0.0770523858038217,0.083135608200398,0.0894448052500827,0.0956201063569023,0.101176614504207,0.106126322545341,0.110787583110757,0.115325882453286,0.11955838488823,0.123440613714985,0.126987112182712,0.130240177301364,0.133158937411425,0.135641410658284,0.137893389238846,0.140252926940263,0.143177602337011,0.146663519584836,0.150190286296929,0.153261194857729,0.155926529395801,0.158384702129277,0.160754037406134,0.162891735119765,0.164774597801699,0.166644479981828,0.168655937009125,0.170854269618751,0.172980552885762,0.174792045623366,0.176334883721773,0.177713310356678,0.178921232303725,0.179770973398233,0.180117237241991,0.180019919273835,0.179905310286505,0.180167253821633,0.180726161316155,0.181361810109004,0.182003709212926,0.182876521405596,0.184133880775151,0.185481490137584,0.186426758342364,0.186727134654254,0.18637758000293,0.185576245779721,0.184462010537017,0.182997569800419,0.180706043098199,0.176760499199486,0.170761002980333,0.163204332554436,0.155108892980727,0.147795316757499,0.142419790870606,0.139768478333742,0.13981167230023,0.142397395055272,0.148374784469592,0.159266940109327,0.175270157031695,0.193890090677436,0.211463593977111,0.225649259909009,0.236389158410449,0.244171911877517,0.249834544341487,0.254335058878726,0.257788559491597,0.260243921767366,0.261968856844993,0.263262694754303,0.264392051498765,0.265520931787592,0.266605347511304,0.267585875541921,0.268327449027611,0.268873610204098,0.269374208908187,0.270027357490802,0.270832212331679,0.271708743576473,0.272502461296971,0.273185910365913,0.273841199321123,0.274469598630524,0.275096209283541,0.275931814675504,0.276913263987042,0.277934085438446,0.278941019501656,0.279789443247748,0.280606622185461,0.281222387803236,0.281909361586175,0.282655030614857,0.283565555926267,0.284561724202099,0.285575231849725,0.286520075464449,0.287406393861677,0.288147489821903,0.288787483843488,0.289245592791967,0.289650724787984,0.290017386990133,0.290359705970768,0.290703144678572,0.290997076262524,0.291111330404816,0.291051403947686,0.29061050660762,0.289701015246255,0.288459529743358,0.287368722213405,0.286609103109948,0.286234801542154,0.286071768013843,0.285883890310422,0.285800292332789,0.285662017808146,0.285627465981577,0.285558754857788,0.285517543994197,0.285469539937382,0.285361587297841,0.285216804116072,0.285063180785821,0.284800847123672,0.284405252389689,0.284123730597133,0.284004761400936,0.284053750563937,0.284171322807458,0.28411168272037,0.283868620660971,0.2834186863765,0.282611177282885,0.281480335381747,0.279977974656706,0.27829547048941,0.276505942034363,0.274714771097793,0.272799755379981,0.270857383474477,0.268766874156993,0.26655345960435,0.264168079537772,0.261562322558003,0.258696209858564,0.255591465256356,0.252369445959661,0.249174107065111,0.245887335033606,0.242416747622836,0.238684105856104,0.234490489663591,0.230086170690539,0.225949231897309,0.222754727565515,0.220501172653561,0.219016218254409,0.218176696751405,0.217528178084088,0.217049157796355,0.216841835157459,0.216896945794821,0.2170303913924,0.217603790654159,0.218117864215849,0.218738457414478,0.219634313052382,0.220303549965984,0.221377200646352,0.222548647144859,0.222834968132464,20.192,20.7,4.33497536945813,37.2716722171763
467,27847.5,0.0870622791106038,0.0825025139507775,0.0753112934469894,0.0705057597516548,0.067587958273733,0.0651767953740326,0.0629961149393043,0.0614923351291508,0.0597678020749225,0.0573223082833259,0.0559403240362622,0.0532996544642454,0.0509891692434969,0.0492980901713669,0.0471680105004577,0.0456350122578089,0.0445851650533805,0.0437478426306247,0.043600907820182,0.0435839278272189,0.0438208032237465,0.0442468513445186,0.0440960062351279,0.043782017350418,0.0438197174062944,0.0433709120641001,0.042677878881271,0.0425270012671604,0.0423251605912592,0.0417075209430358,0.0414860516592282,0.0414378909541207,0.0412039313608169,0.0410525192258774,0.0413412190463279,0.041767014024617,0.042516205346188,0.0438055992639726,0.0454105662452355,0.0473651380104573,0.0499659874546037,0.0534747633797664,0.057314870628541,0.0614772567307415,0.0663867163020287,0.0722890471014558,0.0783660752527148,0.0839804137152143,0.0891880142576816,0.0941257530389305,0.0982893710023232,0.101437225455288,0.103732722837323,0.105554815048358,0.107115644700084,0.108473602891201,0.109593734555586,0.110674971849609,0.11163434944041,0.112098918573016,0.111847925522459,0.111078892952852,0.110061717738057,0.108707968218281,0.106639232448523,0.103933963557549,0.101025789484215,0.0984291518557145,0.0961555211575136,0.0939932251586188,0.0918968805596174,0.0900837158455735,0.0886969269259214,0.0876806217441438,0.0868021668566016,0.085937506229424,0.0851035258926296,0.0843138187452619,0.0834425355967432,0.082223972604406,0.0806207067404807,0.0786850019990929,0.0768062925733217,0.0752165416370631,0.0740128199514067,0.0731112439057329,0.0724760076144591,0.0721546061147331,0.0717023419810567,0.0707468947868641,0.0688301823236426,0.0659414601223544,0.0624372839572436,0.0588805512444298,0.0557822480971008,0.053530497669833,0.0518921180818324,0.0502962700783645,0.0482133427449025,0.0456620008598549,0.0429058023698993,0.0404883616942066,0.038680257140516,0.0375463414625027,0.0371052582052652,0.0374479276797753,0.0388331218890854,0.0418900598227405,0.0477070471142269,0.0570850129407609,0.0701517346143145,0.0863011005499126,0.105060706187029,0.124280051740084,0.142936243338687,0.160370212187962,0.175861757048274,0.189346382902827,0.201171705873359,0.211896946795115,0.221914519086888,0.231295438566685,0.239966882247288,0.247818748137695,0.254587418763979,0.260343569885661,0.265281516605378,0.269552201875908,0.27326890817171,0.276349950728257,0.278771788167642,0.2805334949839,0.281738628055794,0.282773649334743,0.283732667468546,0.284729232249411,0.285737400316408,0.286726401363239,0.287591846061821,0.288446341889317,0.289157109931466,0.289759899372775,0.290335198484465,0.291006131816564,0.29180190810231,0.292530098541199,0.293277156514408,0.293856282845098,0.294306122719273,0.294551453208642,0.294629417926895,0.294594272167896,0.294508041137202,0.294472239054379,0.294506208857937,0.294557192387306,0.294621663729332,0.294513495981872,0.294312969906787,0.293780898262515,0.29290245715073,0.291785853974131,0.290779378090945,0.290015278263337,0.289599656984963,0.289315119314929,0.289139189121621,0.289030426338401,0.288915312442887,0.288784250630133,0.288667493217259,0.288531413418536,0.288440875414415,0.288300901115955,0.28818226001997,0.288056926909794,0.287836887275089,0.287639540041025,0.287513301060148,0.287609915859956,0.287962069932098,0.288421329642311,0.288763020427706,0.288980449874579,0.288897086124926,0.288644039776326,0.287900779902148,0.286658536168886,0.285419727615222,0.28397479015969,0.282412640380569,0.28073009436156,0.279023769580678,0.277254593137597,0.275492334861951,0.273559364164436,0.271583109150461,0.269354679611306,0.266841211784299,0.264164296627026,0.261336756232394,0.258564111815304,0.255480419415685,0.251968755246211,0.248219002033793,0.244148850103544,0.240383326475478,0.237153802136101,0.234988602552384,0.233503404300121,0.232526358553666,0.231947060107396,0.231495026395821,0.231190260395254,0.23098554995246,0.230791610035748,0.230848521328124,0.230779042949711,0.230741840267469,0.230842131537175,0.230755103983626,0.230654687222839,0.230521457245015,0.230588181241448,66.795,9.0,2.13536701620591,157.956403269755
490,45679.0,0.0533375963528498,0.0504072614627462,0.0455912847939294,0.0421932707376301,0.039931969524779,0.0383321592032027,0.0367863718626768,0.0359449159413018,0.0345940409291783,0.0331598788078569,0.0321571058785378,0.0305160399717871,0.0289506474744384,0.0278927697847556,0.0264689661309201,0.0254151932328419,0.024782703973996,0.0242393019766832,0.0240424902954329,0.0239280391921866,0.0239878048856127,0.0242003633872998,0.0241117192658944,0.0240065071819832,0.0240874268739783,0.0237790131378874,0.0234014741689868,0.0233351438364724,0.0231508474110564,0.0227693972855718,0.0226411306125393,0.0226271173306835,0.0224071060127206,0.0223456243180651,0.0225141902446653,0.0227419900455023,0.0231744354434349,0.0238815695492956,0.0248284064146387,0.025968448113858,0.0275239963314125,0.029586324126087,0.0318458277082159,0.0344244762874794,0.0375078099702984,0.0411472135872299,0.0448421068496873,0.0484537285474927,0.0518497269438279,0.0549977415456257,0.0575925195017958,0.0596151739928733,0.0611392764470155,0.0622792279602062,0.0632089230896047,0.0640118110605243,0.0647108963482194,0.0653421653524552,0.065882856265802,0.0661558442387074,0.065994331923072,0.0654116744165061,0.0646111965289977,0.0635929726442003,0.062185341859875,0.0603444804724984,0.058334043627439,0.0565821971806656,0.0550854368284943,0.0537085334412371,0.052352566372252,0.0511641587200678,0.0502469143405791,0.0496042335818372,0.0490950905072483,0.0485435598679324,0.0479810522538118,0.0474469081903745,0.0469063768517397,0.0461716952098372,0.0451595510048581,0.0439734900030398,0.0428113220612103,0.0418520063378029,0.0411175617384109,0.0405731846780317,0.040192278132973,0.0399579645488257,0.0397540623076226,0.0392325428808896,0.0381399653030411,0.0364527386615832,0.0343935927826068,0.0322731304980381,0.0304345950088885,0.0290781504973021,0.0281153922879131,0.0272044678845693,0.0260530114296749,0.0246383352419463,0.0231680652061213,0.021885227964369,0.0209611105148388,0.0204421717761096,0.0203089632076635,0.0205711146744085,0.021462085083933,0.023229068974811,0.0263455369721297,0.0315145240167479,0.0389960284368157,0.0486089560010371,0.0598206272189749,0.0721216493359627,0.0842854205317823,0.0952882476611501,0.105258779374696,0.114125305774795,0.12203235662723,0.129214334331782,0.135886841159195,0.14210871487589,0.147869783748525,0.153074809454934,0.15757396477456,0.161320859542418,0.164429091746345,0.167076760503687,0.169265403752956,0.170985934238607,0.172206321204138,0.172975823255777,0.173306813090439,0.173384960612561,0.173401474298101,0.173507762900327,0.173623030344177,0.173723424272282,0.173781821990627,0.173743388328536,0.173699768370895,0.173646051819135,0.173654977879559,0.173770101475298,0.174046132619005,0.174441446228131,0.174869082756876,0.175280769206269,0.175639914511586,0.175916710090427,0.176114024392588,0.1762169450178,0.176300350912948,0.176400587998878,0.17654527711463,0.176720463652296,0.176900698212209,0.177009276693981,0.17700717229003,0.176816566139649,0.176361379508601,0.175761015944008,0.175215467145783,0.174861012636276,0.174663782680714,0.174605145903454,0.174594717711369,0.174630174515833,0.174667768001945,0.174673787771431,0.174658733239613,0.174579998820457,0.174491722512366,0.174326359426993,0.174123014753947,0.173825225212009,0.173468390153886,0.173051937988701,0.172684250314658,0.172408855278454,0.172262374086907,0.172105182269047,0.171904888757701,0.171521537249232,0.171113620012433,0.17056810804125,0.169768841366227,0.168743360547925,0.167607154124317,0.166489422635646,0.165397906499823,0.164209642903044,0.163077445550256,0.161925259767166,0.160775952853859,0.159619063491232,0.158397037109191,0.157043366097001,0.155567542472947,0.153916175498441,0.152289657341401,0.150595022966771,0.148750476527478,0.14664343429018,0.144320050751784,0.141941279498776,0.139626932937247,0.137801030565388,0.136503938261558,0.135700334703617,0.135244125698821,0.134978358868615,0.134755392568462,0.134661315956987,0.134574972642809,0.134681667457549,0.134809859336497,0.134780678065885,0.134851637576657,0.134960695918818,0.135126320781145,0.135277104112049,0.135461955909724,0.135492944020044,108.066,11.0,1.95578231292517,158.940735694823
543,43284.5,0.0514031507168281,0.0484984626845446,0.0439332891730873,0.040623025263049,0.0385267965684243,0.0369836882107478,0.0355417068341082,0.0346020927006851,0.0331187441066111,0.0316835363248172,0.0306890827336335,0.028884022239708,0.0273979798444242,0.0263291262898956,0.0248972577182937,0.0238110276020228,0.023119602491735,0.0225637429400633,0.0222914028906382,0.0220955827945606,0.0220692339864577,0.0221680522814128,0.0219699964174465,0.0218007693697752,0.0218077852614685,0.0214589755645758,0.0210332778308799,0.0209229788722952,0.0207027061291095,0.0202659248491462,0.020065607512692,0.0199369370990399,0.0196788123891381,0.019509351622549,0.0195537653766071,0.0196070185949798,0.0198021115394837,0.0202250441681623,0.0207471267793242,0.0213914232037752,0.0223621889449788,0.0236836343501331,0.0250634626812192,0.0266573089224556,0.0287252562005162,0.0312755659872544,0.0339184420425706,0.0364958760760239,0.0390485782399572,0.0415228211336074,0.0435768057520192,0.0451497070157573,0.0463528996807331,0.0472867349493386,0.0480158463117015,0.0486397711073845,0.0491918582816989,0.0497389731263241,0.0501983316685048,0.0504241084747981,0.0503304196320072,0.0498616030480504,0.0491625574792093,0.0482260451965031,0.0469821124573164,0.0454286394910266,0.0437954014506494,0.0423511093295859,0.0411247010905569,0.0400506738835219,0.0390542753183008,0.0381795777771293,0.0374946026073686,0.0369887674695891,0.0365625090918923,0.0361760001044012,0.0357751220044337,0.0353565984921319,0.0348810860321817,0.0342528123183227,0.0334708300170623,0.0325656873072863,0.0316760564468767,0.0309123286854839,0.0303703373850055,0.0299671164273553,0.0297049036302611,0.0295906132939226,0.0294327386211042,0.0290714439011699,0.0283343725201257,0.0272068882016284,0.0258339965711679,0.0244235291576429,0.0232045125192102,0.0223282448684992,0.0216978814408402,0.0211115143493628,0.0203663598305306,0.0195064764498168,0.018631423515666,0.017926181333285,0.017477865371551,0.0172759204175323,0.0173183754660958,0.0176684750232579,0.0183259675164697,0.0193846290257166,0.021237996986715,0.0243110683616095,0.0289966070559878,0.0355104853979284,0.0440260876002933,0.0536597978026196,0.0638185004730228,0.0741558427452937,0.0841211930292316,0.0935595312732388,0.102524688506169,0.111196643299091,0.11970987298608,0.128043703408787,0.136041579647309,0.143468689320307,0.150081643369437,0.155826738715419,0.16077917411698,0.165046375795634,0.168648784481829,0.171627111036904,0.173935943416651,0.175584039903134,0.176723309611005,0.177564810943366,0.178262244163488,0.178930498186979,0.179567317415505,0.180181979996258,0.180743901161889,0.181277806781411,0.181740340461969,0.182141032148075,0.182499307484777,0.182933946281301,0.183439574626062,0.183948019781742,0.184462473360624,0.184909183176177,0.185262125417726,0.185480024997494,0.185612042435005,0.18563810700569,0.185590351371315,0.18554679385541,0.185524479259799,0.18554347545965,0.185525647842237,0.185412975047353,0.185222197765648,0.184760627876067,0.184029270134971,0.183144529110737,0.182316840989782,0.181719740455932,0.181303145928491,0.180997088549604,0.180736076800831,0.180495574643634,0.18025681030685,0.180024261297345,0.179796358001871,0.179557179310405,0.179266033182821,0.178985261768368,0.178694176904855,0.178381696599137,0.178035569031545,0.177634184403256,0.177339605951706,0.177183162305163,0.17724449858128,0.17732393914933,0.177369654975939,0.17739986108339,0.177312832380108,0.177071284815875,0.176579690604253,0.175837905306842,0.17503219570337,0.17409849024754,0.173149846153268,0.172146771892029,0.171098795606774,0.169982535892295,0.168839817103124,0.167585636254683,0.166195292005268,0.16459787256599,0.162866437726814,0.161046665340536,0.159122872124493,0.157193655413171,0.155031952994624,0.152615863250266,0.149946036526827,0.147133461606399,0.144458451750781,0.142243038891634,0.14081613478077,0.139812405298223,0.139171105364847,0.138650627109869,0.13834461377811,0.138131464101586,0.13806537157447,0.138018849947725,0.138062147867792,0.137975855817746,0.138059225240454,0.138132992783072,0.138268679807788,0.138217620864258,0.138220423910197,0.138236675857465,80.432,10.6,2.06122448979592,137.066154464645
551,44744.5,0.0484943900765995,0.0458541837686311,0.0414678770282838,0.0382960577023214,0.0364110752380183,0.0349796014743367,0.0335262705373822,0.0326799693133356,0.0312629737977464,0.0297593835278545,0.0288072985886604,0.0270645642634804,0.0256635882568368,0.0246501523851857,0.0232956151169879,0.0222237720185337,0.0215853007182016,0.021067282013664,0.0208550740081481,0.020701819871469,0.0207385417513496,0.0208776888207415,0.020721926041418,0.0205962178269368,0.0206006034014006,0.0202893448443639,0.0199026903013285,0.019797526269732,0.0195980862418781,0.0191940660851279,0.0190212344402234,0.0189339081584133,0.0187265112644672,0.018584930706197,0.0186773241017685,0.0187979871856246,0.0190707229853905,0.0195928555800029,0.0202566430593401,0.0210683793778577,0.0222580919639562,0.0238970078532973,0.0256626875775304,0.0276551005557602,0.0301780666173219,0.0332721293697299,0.0364972153959455,0.039613901765192,0.0426323481259994,0.0455357282318697,0.0479567806817746,0.0498083506964367,0.0512035300011072,0.0522808732208203,0.0531446914409798,0.0538800590002732,0.0545046919663329,0.0551140434247092,0.0556196485628114,0.0558458209757868,0.055676709136917,0.0550929888736347,0.0542657892258618,0.0531819622598945,0.0517448785739646,0.0499494503095884,0.048065863368004,0.0463972545362684,0.0449796801983721,0.0437233713240272,0.042539661549918,0.0415095936849032,0.0407133625758684,0.0401180796877138,0.0396233539544358,0.0391634711276697,0.0386998232253821,0.0382101043477463,0.0376684915347337,0.0369426379747459,0.0360417301345002,0.0350001801679239,0.0339938873253111,0.0331267160842397,0.0325035937469986,0.0320502575202115,0.0317655107971949,0.0316435565886356,0.0314715198467182,0.0310595885309737,0.0301940420081695,0.0288702402195694,0.027247682976684,0.0255784063404578,0.0241246828878231,0.0230787134228798,0.0223269891639415,0.0216326576538823,0.020749481287848,0.0197042545116407,0.0186438806189137,0.0177873454834634,0.0172441001304747,0.0169996689318656,0.0170533773559368,0.0174568708895706,0.0182357616805198,0.0195522509485959,0.0218814964489319,0.0257295956398741,0.0315118308491967,0.0393441586463885,0.0492779302273012,0.0601552122708222,0.0713438589529202,0.0823647584443995,0.0926575334534437,0.102088873887643,0.110776799228599,0.118974434522377,0.126843670599702,0.134378647552293,0.14147725524996,0.147943870068501,0.153617671732224,0.158468571144948,0.162591750018982,0.166126104157827,0.169090706675849,0.171512409087461,0.173335788713659,0.174578812515766,0.175377131307038,0.175939585231583,0.176430549688512,0.176924683118572,0.177435662133028,0.17792244687736,0.178378504913734,0.178817685649802,0.179226471239941,0.179564569075723,0.179890766685211,0.180296231904319,0.1807677369583,0.181253982475092,0.181726205682725,0.182116454251238,0.182433545569311,0.182615764326635,0.182698872594083,0.182691707196918,0.182627332611274,0.182570522477518,0.182526408321756,0.182523082953776,0.182480383238306,0.182355777099196,0.182113526757646,0.18165153366232,0.180934125918738,0.180061097545811,0.179248230907007,0.178620501024237,0.17821305305815,0.177879063263353,0.17758739744957,0.177332336629125,0.177080120382406,0.176835277604572,0.176582438871552,0.176346670905437,0.176058688540874,0.175764458893503,0.17548479408604,0.175175330900206,0.174844202588831,0.174511437311417,0.174270736407253,0.174140217548386,0.174222663343221,0.174381437345114,0.174450114073325,0.174536872777164,0.174505304337442,0.174351496054969,0.173890311071033,0.17322321024215,0.172487995954064,0.171610537443982,0.170744928633292,0.169797429155152,0.168766452193238,0.167721585646632,0.166649657024444,0.165466859058386,0.164159629506756,0.162682431852113,0.161029664577852,0.159307945074257,0.157493704372314,0.155670539322794,0.153620335221966,0.151322423478503,0.148790495858899,0.146133215383227,0.143585332480745,0.141481695412594,0.140106321646925,0.139180179278411,0.138530367460824,0.138054764472799,0.137723859650196,0.137472440461364,0.137326086478793,0.137256762199179,0.137285301194824,0.137116990012714,0.137151556976561,0.137182542410819,0.137235253693847,0.137084602009451,0.137043136403075,0.137054465686161,77.394,11.0,1.97058823529412,119.910810468285
565,44264.0,0.053466860059763,0.0507227151796299,0.0458969885775337,0.0424891699939242,0.0403782833994401,0.0387129283972792,0.0370412213514994,0.036084536278385,0.0347747378911619,0.0332633691114181,0.0322573799551824,0.0304671090000251,0.0291707850538125,0.0281225754606326,0.0267644170843236,0.0257938656453305,0.0252419929770549,0.024721768155007,0.0245189876332217,0.0243582365821729,0.0243939884675028,0.0245699088894694,0.024384080407587,0.02431271577673,0.0244762792019594,0.0242203965994401,0.0238974713362294,0.0238679739508433,0.023695792506266,0.0232520361920952,0.0230238197050703,0.0229163899511458,0.0226598047421102,0.0225735614081676,0.0227605426027124,0.0230110108107107,0.0234406603314002,0.0242480602638006,0.0251792071610339,0.0262677347802836,0.0277987427847537,0.0297364166885866,0.0318716450753614,0.0341746136185004,0.0370389716045885,0.0403976555498466,0.0437396142761368,0.0469545305237453,0.0501417174259085,0.0531802695820704,0.0557251514178886,0.0577034628900736,0.0593114227143517,0.0606645248809579,0.0618306096261023,0.0628197074286487,0.0636939591423107,0.0645353776455011,0.0653064964903913,0.0657838151789346,0.0658673281946932,0.0656445736108267,0.0652988340974595,0.0647683660433508,0.063879305969732,0.0626026904344929,0.0612080542285477,0.059999612066023,0.0589393662202394,0.057943165710527,0.0569818769750361,0.0562168618704274,0.0556754161241546,0.0553074504027967,0.0549968054024486,0.0546532075684028,0.0543259185112302,0.0540060351102398,0.0535761467478739,0.0529185191769664,0.0519979581004416,0.0509067941005373,0.0498778221819677,0.0490597946465587,0.0484426451921221,0.0479814700147859,0.0476802615848727,0.0475254561602473,0.047401645375792,0.0470306073422428,0.0461323793131378,0.0447137920299903,0.0429641497897628,0.0411409275004454,0.0394926203128794,0.038218277580621,0.0372185181413485,0.0361371501230351,0.0347398124336198,0.033066576992243,0.0313462559260978,0.0298606376007165,0.028769968612371,0.0281175844208651,0.0278824315500916,0.0281305323093541,0.0290507901315282,0.0310918264471585,0.0346661749355439,0.040197558312588,0.0478094303042482,0.0572548372931981,0.0680720207404691,0.0795326536214216,0.091012737778364,0.101637968919171,0.110938786897589,0.119262338333116,0.126748152130382,0.133579906252156,0.139928805692871,0.145882432185557,0.151398723781451,0.156362114712451,0.160651494512932,0.16424676730819,0.167252429154124,0.169839951589289,0.172048323235902,0.173812373934328,0.17512251241411,0.17599972357662,0.176517344502098,0.176806001733911,0.177019303685678,0.177366365344187,0.177795369589322,0.178078005166321,0.178266388666195,0.178371678514315,0.178411183066974,0.178474829118841,0.178596462460621,0.178865857867739,0.179282618144951,0.179801528850306,0.180345080939815,0.180796463833936,0.181178104693478,0.181470194178744,0.181653976623034,0.181786984799262,0.181902711766639,0.182062475600915,0.182275276552194,0.182550879138349,0.182769282584182,0.182846206135551,0.182801742413752,0.182500679702959,0.181930989346982,0.181208909330003,0.180564217289545,0.180150228507304,0.179927455594023,0.17981770617211,0.179792174907938,0.179757701960431,0.179771748370432,0.179735510806432,0.179681454527665,0.179586191897583,0.179442714247424,0.179285413536199,0.179055534646266,0.17874953590982,0.178372971056376,0.177978192470668,0.177558171675108,0.177253143100241,0.177098046542461,0.176990111597682,0.176729671868129,0.176340912332687,0.175898083645519,0.175357589432339,0.174466230472463,0.173344748698892,0.172084333678041,0.170897662806061,0.169678404212954,0.168448341369621,0.167178918474058,0.165919482019351,0.164640463874419,0.163346006801433,0.161934615575708,0.160385249101124,0.158653085706318,0.156763117269749,0.154828130619137,0.152829146806886,0.150783594335241,0.148409274686213,0.145809520828225,0.143113468358672,0.140531673007108,0.138515786524726,0.137085747246361,0.136220932826672,0.135673790133475,0.135276352158178,0.135002526484639,0.134782132543347,0.134699882095843,0.134636091823677,0.134723929434275,0.134674579519675,0.134700167533876,0.134901880941994,0.13493248338299,0.134985866605283,0.134991577550177,0.134995633580412,67.274,11.9,2.47311827956989,115.927338782925
634,25423.0,0.0904740411008968,0.0855257696924521,0.0772775351230018,0.0714705518491532,0.0677336065457695,0.0650299463321481,0.0624904000022213,0.0610803063316152,0.0586575696178435,0.0560810149386926,0.0544685086339286,0.0516193489089997,0.0492401670780262,0.0474411405062386,0.0450855957775042,0.0434967177396415,0.0424300987343872,0.0413764619586005,0.0409403928438604,0.0405430384942711,0.0404737113202635,0.0406717405294228,0.0403668819612272,0.0401943486873447,0.0403750442153247,0.0398662374090284,0.0392255831433191,0.0391114176585996,0.0387118212857021,0.037972955620904,0.0376987994974183,0.0375332132229967,0.0370403733566895,0.0368384794356619,0.0370319413946253,0.0372576396461011,0.0377688454883236,0.0387489009219772,0.0399756560875576,0.0414401263628912,0.0435383285908329,0.0463922807179473,0.0494307641317085,0.0529870676705368,0.0574077979650557,0.0626761907128278,0.0680739302543731,0.073394378349375,0.0784663797299587,0.0832778010420212,0.0872770357539831,0.0904452132799911,0.0929164808112617,0.0948271120618875,0.0963908289715622,0.0977551114582424,0.0989202803116269,0.100032864563653,0.101025298211281,0.101554571508075,0.101420414823718,0.100674471338545,0.0995932448432669,0.0981293263382852,0.0960765563462853,0.0933462986418978,0.0904086988055771,0.0879148867967357,0.0857440267785803,0.0837228121370562,0.0817477053962115,0.0800785005693417,0.0787868759056472,0.0778967891533223,0.0771385362168301,0.0762957558512752,0.0754511853343993,0.0746720271800544,0.0738599417939718,0.0727257834942731,0.0711456299153721,0.0693398076861776,0.0676194327088407,0.0661841528590383,0.065081476298118,0.0642582142184513,0.0636864184889553,0.0633536432158966,0.0630401161937467,0.0622127534902083,0.0604731800824413,0.0577820475192028,0.0545464052269332,0.0512750426098049,0.0484811557327344,0.0464470933138429,0.0449847836436558,0.0435893166303098,0.0418394291622757,0.0397770115572876,0.037650424541642,0.0358173544085985,0.0344859404629423,0.0337161913931508,0.0334926706768668,0.0338325231642058,0.0351087867531863,0.0376676359626016,0.0423317893340317,0.0502703115901613,0.0620283045152585,0.0774507322628648,0.0958097452683482,0.116421682400487,0.136906936919113,0.15588754069671,0.173336460851914,0.188980217428748,0.202979570048928,0.2157318731027,0.227569446310886,0.238625132880989,0.248875616304969,0.258053802687375,0.265919983635065,0.272460563263453,0.277985857632046,0.28273529405368,0.286786572944576,0.290085826398571,0.292603015311306,0.294321370241454,0.29536849419973,0.295954362574598,0.296384252724465,0.296870477690027,0.297347326142909,0.297719585568712,0.297959593742092,0.29801331178666,0.29805322624976,0.298044348939009,0.298140615150495,0.298456877509624,0.299077551096765,0.299859898702414,0.300708032781436,0.301500109033754,0.302225128062721,0.302750854158389,0.303140983484136,0.303407518108202,0.303638773619635,0.303935535529017,0.304351302879456,0.304784278587986,0.305238946091397,0.30548828971506,0.305538049423599,0.305220349939162,0.304340842312719,0.303235764503189,0.302311528272984,0.30185342390274,0.301680817420861,0.30180413058928,0.302011698181893,0.302327042658297,0.30257115880037,0.302824390728646,0.303076394184648,0.303325629087311,0.303440114072521,0.303493105117178,0.303432739907643,0.303247506816216,0.30298569620634,0.302627134217817,0.302201037615309,0.301869057892789,0.301775111074474,0.301680259330784,0.301314047950719,0.300556767260757,0.299739599964935,0.298611488598045,0.296942079206153,0.294869780886215,0.292670656241745,0.290396394341944,0.288152770121733,0.285760791190384,0.283503735449261,0.281148341286297,0.278729306085075,0.276283646597034,0.27370371066388,0.270879507283573,0.267847944350178,0.264655793243371,0.261526164695521,0.258229024362033,0.254793025033623,0.250871637866645,0.246667932856354,0.242255502617634,0.238273684731687,0.234912576085899,0.232893903562843,0.231679050957569,0.231069666500348,0.230699220194571,0.23053765028366,0.230563049085658,0.230559422921539,0.230895327891039,0.231222409231424,0.231462427962518,0.231958637325156,0.232348950843676,0.232812204039838,0.233153303174836,0.233589985393707,0.233704212583228,118.968,7.8,1.30939809926082,100.105964274902
650,25302.5,0.0871024038255479,0.0824173134033327,0.0739905942272707,0.068533053718166,0.0648514843076147,0.0620894314331485,0.0596544005999239,0.0582296209684383,0.0562066088693405,0.053641426081718,0.0519072753354296,0.0491564971841103,0.0468297223512704,0.0450848380910149,0.0427012434134745,0.0410849248725039,0.0401234869165404,0.0391660297655473,0.0388239598925638,0.0386629274343782,0.0388266780989612,0.0391174879151683,0.0389422612263957,0.0388449947139305,0.0389219853770424,0.0384040418058088,0.0377563170824455,0.0376946670509235,0.0373974056628814,0.0367334114755131,0.0365493760179305,0.0365546354571159,0.0361566186247806,0.035994692241929,0.0362277830951387,0.0365423542561647,0.0372049534422895,0.0383789022802365,0.0398186901671434,0.0415925092434775,0.0441025412138182,0.0474316732135739,0.050995271942799,0.0550873596269977,0.0600382255452532,0.0658774439105949,0.0718823073931115,0.077661748500029,0.0831225139028317,0.088254129069811,0.0924991679890578,0.0957586539637079,0.0981758101623098,0.100007130757228,0.101494041391781,0.102717771083899,0.103750288088328,0.104696206565514,0.105526585250421,0.105864938447133,0.105439963376507,0.104367786006824,0.102910466885326,0.101017357646549,0.0984724201978729,0.0952373992052802,0.0918576240720614,0.0889949918107387,0.0865224424621979,0.0842371962345154,0.0820006392268154,0.0801391535723916,0.0787002172872191,0.0776863839006763,0.0768099085740432,0.075891743458797,0.0749666862664452,0.0741423917226398,0.0732794203129456,0.0720905407505641,0.0704664953633991,0.0686182901770424,0.0668547226688019,0.0653779117193247,0.0642597532500537,0.0634161795294598,0.0628520850361331,0.0625594978424658,0.0622578296480244,0.0613934686109013,0.0596166150055186,0.0568697908048734,0.0535808393056758,0.0502571799575836,0.047435637472858,0.0453977729932846,0.0439617394398695,0.0426281837507223,0.0409715618312382,0.0389880555797864,0.0369214763557517,0.0351651582240646,0.0339650802215835,0.0333632697555804,0.0333952729464208,0.0340451002637291,0.0357490359695304,0.0387006158799291,0.043748060614195,0.0519701351595192,0.0638988719531069,0.0793458473931068,0.0975722979283496,0.11804270303066,0.13798251200438,0.156618864315391,0.173677879123482,0.189032213835537,0.20290069347448,0.215687264677989,0.22773826520613,0.239109024573458,0.249773615598843,0.259412654001608,0.267793934849332,0.274853887406124,0.280862472702534,0.286061565013775,0.290499133070164,0.294082172208254,0.296778949790076,0.298604146212584,0.299693493685407,0.300325835014753,0.300807209955511,0.301358087925042,0.301937905327265,0.302389464873273,0.302678986472872,0.302752634230246,0.302807979021335,0.302846966924484,0.302983024296254,0.303368201087618,0.304052659685483,0.304864161258471,0.305733969218634,0.30652765466096,0.307181297540881,0.30769537155109,0.30804358244462,0.308206391735901,0.308345091435244,0.308523928007788,0.308777866802221,0.309045427529209,0.309328621220968,0.309393136047456,0.309188307694558,0.308549550609672,0.307394549115995,0.305980094843584,0.304746487024285,0.303889602829303,0.303430191546855,0.303173401428815,0.303063219779971,0.303026882326965,0.302929074877025,0.302877960934763,0.302719817494108,0.302537375871056,0.302252310796189,0.301968107688152,0.301564801906054,0.301079798479455,0.300593135539189,0.299983750945861,0.299415517370644,0.299080837198536,0.299042587444495,0.298922778560571,0.298698508115663,0.298224304962554,0.297694240121596,0.29692132555522,0.295655098158981,0.293931739121734,0.292016734183489,0.290157730629871,0.288283299160633,0.286127309980728,0.283987633760147,0.281980621112496,0.279685353509614,0.277331121398746,0.274729168269902,0.271921788087959,0.268829382481115,0.265453311167721,0.262140113008203,0.258727432307285,0.255123689199585,0.250870464853054,0.246371178151824,0.24157710769499,0.237269620039537,0.233724636920735,0.23153100998055,0.23012466218823,0.22938554904619,0.228976607814945,0.228725898026499,0.228543089955383,0.228419165851051,0.228612185986157,0.228934463246263,0.22904563202389,0.229307789346036,0.229632879158773,0.230005079178509,0.230336988131575,0.230604037607559,0.230638234214031,117.153,6.5,1.54075546719682,84.191631310103
666,24440.5,0.091253919824142,0.0860934392534698,0.0773339137192161,0.0715804511817964,0.0675773534628687,0.0647037290476352,0.0621100966567938,0.0606685355171415,0.0584403681446813,0.0557176601943955,0.0541194702453867,0.0513190234549233,0.0487900613076276,0.0469703325942537,0.0445670931036216,0.0428596339941284,0.0418653454146299,0.0409242434438551,0.040555122257577,0.0403305856393829,0.0404858058389299,0.0408583782528683,0.0406623291565493,0.0405062082464181,0.0406601518654638,0.0401507286245527,0.039383861802057,0.0393146157144268,0.0390255852014687,0.0383074571886133,0.0380920731111676,0.0380875581095765,0.0376920296543664,0.0375179798065965,0.0377624061197698,0.0380949910170684,0.0388252074272347,0.0400783528744403,0.0416755602655869,0.0435938046993001,0.0462507976363361,0.049769321043843,0.0535618606806802,0.0578282553195116,0.0629726915062982,0.0690437145140524,0.0752286526442476,0.0810787672135641,0.0865605475818743,0.0917703625415643,0.0960486208196447,0.0993100172558418,0.101734347705278,0.103644338273222,0.105236208929883,0.106507977412102,0.107542929727194,0.10853948170545,0.109425440947135,0.109792843507588,0.109395113495677,0.10837676472361,0.107022968937587,0.105175480915411,0.102613055367475,0.0993818685636818,0.0960551310840869,0.0932497742236979,0.0907894839577939,0.0884898104827996,0.086221765838957,0.0843828507686677,0.0829623694291846,0.0819413222765003,0.0810271397968616,0.0800305310362361,0.0790884381981672,0.078263505031187,0.0774004405555538,0.0761822197809633,0.0745361700014186,0.0726378377612716,0.070859388436396,0.0693508293744493,0.0682021546020105,0.0673269217278522,0.066760159502235,0.0664846221150862,0.0662023395885616,0.0652782586433336,0.0633324129588365,0.0603391388002518,0.0567259983480403,0.0530784880164593,0.0499794141804091,0.047756436380197,0.0461908908147441,0.0447597590502557,0.042984423507138,0.0408490966739924,0.0385898864396416,0.0366307718423756,0.0352225952222337,0.0344489637307834,0.0343145291632129,0.0348478516655099,0.0365117820131097,0.0396133051309989,0.0451246513654989,0.0542211488237359,0.0673892994172095,0.0842669506286352,0.103936559526116,0.125595782325748,0.146459320876001,0.165586341801914,0.182803512309081,0.198009411110779,0.211490558509444,0.223717815958697,0.235110879353957,0.245770246407998,0.255661300291645,0.264567322914061,0.272254816589432,0.278685497681321,0.284163582887664,0.288900920127521,0.292967675987247,0.296244668733868,0.298708727015089,0.300342478275448,0.301327971726341,0.301933428961596,0.302454636967778,0.303107054432697,0.303783830435445,0.304305826013405,0.304665340053083,0.304771183731377,0.304866307498003,0.304948703367936,0.305131751608,0.305550919959816,0.306314648097649,0.307175178877129,0.308031017568096,0.308802210760748,0.309443608801092,0.309929173638274,0.310213965996593,0.31036709563285,0.310551023337316,0.310794352795829,0.311136132491637,0.31153225593042,0.311870241710232,0.312047499890973,0.311947447708226,0.311438590801497,0.310399227158343,0.309188296154084,0.308132496845965,0.307435896769682,0.307095544254826,0.30698602605314,0.307015507255035,0.307071775990998,0.307070073990474,0.307127007398016,0.307060271265561,0.306955337386907,0.306754234753771,0.306528801526243,0.306240075546184,0.305893246588258,0.305418776471585,0.304939745729588,0.304478588050155,0.304240996652196,0.304222751186894,0.304228241221189,0.304020580675,0.303628933722241,0.303095813892477,0.302245958933715,0.300971099544547,0.299252883109306,0.297300678955287,0.295427670310777,0.293536229271472,0.291412455687841,0.2893280346322,0.287351832944844,0.285184763833109,0.282888570366056,0.280469586717552,0.277868627591478,0.274934832014226,0.271698613397586,0.268540863955632,0.265321996940453,0.261919160967973,0.257951352496687,0.253790568080275,0.249357349989522,0.245324845070743,0.242009306525202,0.239918719597183,0.23868486863143,0.238044756046426,0.237620809332488,0.237362662419277,0.237173991228341,0.237174789016768,0.237412304738279,0.237660666135524,0.237654675714288,0.237894660858043,0.238200966341511,0.238551525283413,0.23881008731989,0.239017393919686,0.239009937301972,99.57,7.4,0.92534174553102,96.0379518767363
691,25869.0,0.0868375432577479,0.0822961914587318,0.0742131379127841,0.0688838525261889,0.064842715199821,0.0621863073665374,0.0596472327885569,0.0579665354900329,0.0556857008897789,0.0530913818995785,0.0512615528997304,0.0482559828740723,0.0458100956828856,0.0438839959001526,0.041440742952316,0.0396450059630006,0.0384163966784409,0.0374235849145289,0.0369608085972531,0.0366411735048706,0.0365652020628718,0.0367906345039539,0.0364148169382096,0.036093762957001,0.0362595024975116,0.0356950236305377,0.034931312990884,0.0347970088231381,0.034420408874477,0.0335989673568013,0.033258723485408,0.0331318981040825,0.0326696194424542,0.0323913392020243,0.0325093489117962,0.0326587050005586,0.0330645317723156,0.0339340083265543,0.0350312995039381,0.0363621134261575,0.0382856452929218,0.0409877029162003,0.0439031731268174,0.0472977419783383,0.0515117141646468,0.0567009891297857,0.0622043972936737,0.0675116187172001,0.0726720486371988,0.0775786219402498,0.0816665620476379,0.0848658144448528,0.0872574073539128,0.0890160126753001,0.0903713730551201,0.0914825124859791,0.0924314854362749,0.0933127337769505,0.0940565643150591,0.0943395145391523,0.0939817985213117,0.0928667787462899,0.0913152555024334,0.0893498859036347,0.0868200940742936,0.0836626002685436,0.0803479313873276,0.0774135493681969,0.0749655723235571,0.0728198365267873,0.0707515554310449,0.0689048192793387,0.0674202102974823,0.0663083513290439,0.0654212679704485,0.0645914565662881,0.0637402018620241,0.0628824426631401,0.0620294818919975,0.0609465045977433,0.0595929566001437,0.0579620639218538,0.0563350399661385,0.0549424191968651,0.0539267891217164,0.0531883588615369,0.0527225185869823,0.0524973507708371,0.0521625284023538,0.0513903790712363,0.0498176173292439,0.0474601110785037,0.0446011980415654,0.0417296996826641,0.0393010039166749,0.0375787387584713,0.0364275082121516,0.0354477551005205,0.0342609335976571,0.0328022482406328,0.031218982778677,0.029952981191402,0.0291309125312481,0.0288194887842756,0.028978728525152,0.0297276319475279,0.0311144928725587,0.0333359924196956,0.0372445007196889,0.0437248053005302,0.0536072012194284,0.0671044868498983,0.0841960181347298,0.103393127254712,0.122844312311155,0.142023733743822,0.159875039703377,0.176119201179445,0.190928555003925,0.204689908843257,0.217770190972096,0.230188137415389,0.241820740958259,0.252429560057654,0.261652568802086,0.269430574113673,0.276080058954595,0.281790096050386,0.286686511104706,0.290703525109661,0.293804588039562,0.2959153056128,0.297239634991695,0.298128544353141,0.298852432060928,0.29953837911222,0.300238277182701,0.30095120992407,0.301513836883275,0.302020576426506,0.302500168804321,0.302911643569443,0.30331637731433,0.303825425948989,0.304555371493764,0.305417471660925,0.306277998401741,0.307060250873581,0.307743168433973,0.308247997801154,0.308569595315019,0.308680703361012,0.308729836870508,0.30869007306553,0.308689938109105,0.308792151982964,0.308783250208669,0.308621611919631,0.308254125679594,0.307433322347013,0.306107116190795,0.304406423272019,0.302915998598873,0.301771736722282,0.301067242325431,0.300609410411407,0.30021257198293,0.299921427686017,0.299620264545802,0.299318974449709,0.299038786261837,0.298735598845293,0.298356554012333,0.297939854053759,0.297521064930151,0.297041404032191,0.296526056425586,0.295954434272837,0.295475594476174,0.295218318690788,0.295190278881017,0.295343116642629,0.295410731930409,0.295259907859449,0.294983505092695,0.294560509086588,0.293638502107374,0.292311459374109,0.290761224843282,0.28914151957193,0.287383156969193,0.28541499112007,0.2833184453658,0.281069025145904,0.278692640371279,0.27601264022198,0.273156568654328,0.269972833761543,0.266531377915856,0.262860077744332,0.259106767750967,0.255269183421934,0.251202666008589,0.246609527723024,0.241616566128521,0.236451585849182,0.231567501314722,0.227552167418099,0.225010219202832,0.223418126842563,0.222421794760751,0.221713741781824,0.221428334352206,0.221216511813689,0.221263707052191,0.221317924612792,0.221696971647818,0.221794862951923,0.222180029818874,0.222807513282391,0.223354082432091,0.223713580564692,0.223914780239393,0.22390792308974,99.29,6.2,0.930427493713328,65.1546722231127
